JPG;1221929;i
;675243;x
java;634801;c
jpg;459583;i
class;421101;b
png;418696;i
html;291848;w
svn-base;276894;x
js;214045;c
gif;193013;i
h;191547;c
xml;186433;c
py;115971;c
eml;90115;d
pyc;86381;x
GIF;85258;i
jar;84291;z
dll;76105;b
hpp;69223;c
php;67017;w
txt;66724;d
json;61074;c
md;45824;c
cpp;45155;c
mp3;43351;a
c;40302;c
doc;39743;d
properties;37356;p
svg;36171;i
HTM;30638;w
ini;27453;p
bmp;25944;i
exe;25654;e
css;25251;w
zip;24626;z
htm;23683;d
sha1;21986;x
bin;21761;b
dat;20080;s
ts;19715;c
ogg;19403;a
pdf;18788;d
md5;18182;m
DOC;16794;d
cdr;16275;i
info;15357;t
res;14954;x
tmp;12886;x
index;12137;x
a;11250;b
DLL;10974;b
uasset;10153;x
lnk;9980;x
modd;9837;x
less;9757;x
pom;9557;c
PRG;9243;c
log;9030;t
ttf;8953;f
inf;8563;t
MF;8462;x
wav;8396;a
flat;8064;x
tcl;7838;x
rsrc;7736;x
xsd;7439;c
lib;7168;b
mo;7162;x
contact;7100;x
vcf;7062;t
lua;7060;x
jsp;7046;c
xsl;6631;c
dtd;6266;c
exsd;6249;c
sip;6242;x
DL_;6049;x
csc;5938;x
m;5840;x
bat;5730;e
TTF;5695;f
sql;5565;c
sse;5560;x
aar;5504;x
prefs;5366;p
EXE;5354;e
po;5349;x
S;5341;x
gradle;5306;c
DAT;5297;s
enc;5113;x
dex;5102;b
wsdl;5097;c
ASM;5046;c
msg;5026;t
crt;4999;x
NTX;4971;s
final;4928;x
map;4893;b
tpl;4827;b
o;4782;b
cmake;4736;c
ico;4684;i
rst;4668;x
docx;4664;d
qml;4619;x
len;4593;x
variables;4517;x
SF;4397;x
RSA;4391;x
overrides;4358;x
yml;4283;c
cs;4134;c
mp4;4103;v
db;4029;s
pyd;4004;x
DBF;3718;s
vis;3687;x
rtf;3655;d
INF;3649;t
BMP;3635;i
sh;3618;e
WMF;3496;i
dds;3466;x
TXT;3464;t
mui;3444;x
ffm;3330;x
IN_;3302;x
etlgz;3287;x
JS;3238;c
SYS;3176;x
PNF;3036;x
OBJ;2980;b
vcxproj;2877;c
so;2851;b
hdr;2834;b
csv;2823;t
idx;2801;s
lock;2725;x
obj;2724;b
repositories;2698;x
project;2666;x
odlgz;2657;x
cfg;2620;p
swf;2618;i
cat;2610;x
DSD;2586;c
cab;2569;b
pak;2552;b
idl;2542;c
ovl;2532;x
sct;2519;x
caw;2505;x
ecm;2505;x
rgb;2505;x
xls;2484;c
launch;2483;x
npmignore;2442;c
chm;2418;d
tif;2416;i
cpl;2387;e
patch;2370;c
sys;2347;b
tga;2315;i
ott;2262;x
ld;2256;x
yaml;2246;c
qm;2242;x
dbx;2199;s
1;2190;x
classpath;2186;c
translation;2169;x
groovy;2160;c
crl;2125;x
_;2098;x
conf;2053;p
raw;2034;i
BAK;2029;x
wma;2017;a
psd;2008;i
pm;1988;x
capx;1980;x
ctt;1976;x
xaml;1974;x
manifest;1973;t
query;1928;x
cmd;1895;e
SAM;1888;x
frm;1849;x
jpeg;1830;i
WAV;1827;a
xhtml;1814;c
ps;1788;d
gz;1787;z
EX_;1782;x
sln;1781;x
cvsignore;1773;c
apk;1746;b
MEM;1736;p
cpt;1727;x
inc;1722;x
COM;1714;e
sqlite;1711;s
moff;1683;x
dcp;1680;x
xar;1611;z
for;1588;x
specs;1586;x
ftl;1583;x
TIF;1528;i
sol;1488;x
xbm;1459;x
ver;1447;x
CH;1443;x
trn;1414;x
pl;1409;x
BAT;1401;e
flt;1396;x
3;1395;x
pat;1375;t
lcp;1370;x
pri;1365;x
history;1352;x
azw;1338;x
H;1320;c
vim;1320;x
config;1303;p
prx;1298;x
ppt;1291;d
url;1267;t
prolern;1261;c
idt;1260;x
LIB;1244;b
AVI;1238;v
scc;1217;x
lang;1206;x
MYD;1178;x
MYI;1178;x
sample;1178;x
HLP;1172;x
mbp;1171;x
Civ5Save;1162;x
fon;1160;x
reg;1160;t
cdt;1159;x
jam;1156;x
msi;1150;e
decTest;1144;x
cache;1138;x
gmk;1115;x
nupkg;1103;x
cfx;1098;p
filters;1091;x
OGG;1084;a
pdb;1079;b
au;1075;x
nuspec;1075;x
vcs;1075;x
prf;1074;x
icf;1071;x
anm;1064;x
ai;1063;d
template;1056;x
BIN;1044;b
tree;1029;x
pst;1026;x
markers;1016;x
Lib;1004;b
tib;1000;z
wmf;1000;i
mca;998;x
loggz;995;z
udn;986;x
values;978;x
hlp;959;t
afm;957;x
pfb;953;f
NLS;950;x
jst;946;x
lng;942;x
module;940;x
MDE;936;x
ipp;913;x
SY_;908;x
inl;908;x
keystream;906;x
CH_;900;x
metadata-v2;892;x
phpt;888;x
LOG1;878;t
LOG2;878;t
prs;878;x
provxml;871;x
wem;863;x
xcu;861;x
SWF;852;i
cfs;848;x
mid;845;x
pp;840;x
automaticDestinations-ms;833;x
PAS;830;c
chk;830;x
metadata;826;c
DBT;825;s
nls;824;x
aidl;820;c
aspx;813;c
C;812;c
test;809;x
FO_;808;x
at;807;x
mpa;804;a
wsdd;804;c
rsh;802;c
markdown;794;c
sat;792;x
script;787;c
pf;786;d
dmp;784;x
bff;783;x
pdn;782;x
cur;781;i
tld;780;x
LNK;779;x
shape;773;x
RMK;771;x
DDT;768;c
wmv;764;v
storage;763;s
CBZ;760;x
LDZ;760;x
CPP;750;c
rds;750;x
pem;747;x
ear;745;z
wiki;743;t
asset;737;x
def;732;c
bz2;730;z
msf;727;x
assets;726;x
sav;718;s
pcode;714;b
HL_;713;x
eslintrc;709;x
ps1;709;x
xpm;703;x
xpt;702;x
PNG;699;i
images;698;i
bak;697;x
FON;695;f
CR2;694;x
LOG;691;t
result;686;x
SAV;681;s
TwoWorldsIISave;680;x
in;678;x
ssx;670;x
CAB;668;e
HT_;660;x
INI;657;p
policy;649;x
vif;648;x
xhp;647;x
vstemplate;645;x
sqm;642;x
irvol;640;x
CAT;633;t
hex;633;t
datasource;628;x
ktx;621;x
options;618;p
rc;605;x
PN_;604;x
woff;603;f
CU_;600;x
pkg;600;b
phl;599;x
pptx;594;d
clp;591;x
ashLang;589;x
RSR;588;x
mst;588;x
syncinfo;588;x
gitignore;587;c
mappings;580;x
JP_;576;x
ffa;567;f
ifx;567;x
pos;565;x
up_meta_body;565;x
otf;557;f
tmv;557;x
dff;556;x
14;554;x
mpg;553;v
tlb;549;z
NL_;548;x
wer;545;x
TT_;540;x
lst;532;x
prl;532;x
cpd;527;x
rar;526;z
emf;522;d
mat;518;x
nsh;516;x
qmltypes;514;x
s;514;x
WA_;512;x
m4a;511;v
sla;510;x
ax;507;x
bc;507;x
vm;506;x
MOV;505;v
cc;503;x
etl;499;x
sha512;498;m
fabpf;493;x
mshraw;493;x
pc;493;x
SPA;488;x
DSK;486;x
prg;486;c
API;480;x
nar;480;x
toc;478;x
coffee;475;x
mf;475;c
jspx;473;c
cmx;471;i
jsonlz4;471;x
dsp;469;x
storage_i;467;x
oct;464;x
MS;461;x
ser;459;x
apnx;458;x
mxsd;456;x
la;454;x
pxd;452;x
GI_;448;x
jpt;448;x
webp;448;x
BTW;444;x
LCK;444;x
NG;444;x
htaccess;444;w
install;444;x
location;442;x
tlog;442;x
dun;439;x
gen;438;x
uexp;435;x
CDR;432;i
asc;432;t
ocx;431;e
tcc;426;x
cmpart;423;x
cnt;422;x
4DX;420;x
CDP;420;x
ogex;418;x
odl;417;b
ebp;416;x
material;413;x
CPT;408;x
mof;408;x
resx;406;x
pcx;404;i
jmod;402;c
shader;400;x
SND;396;x
xbf;393;x
icm;391;x
aux;388;x
sbl;386;x
2;384;x
editorconfig;384;x
ots;382;d
pas;381;c
FLT;378;x
upp;378;x
am;376;x
dsw;375;x
gmx;374;x
mask;374;x
TPW;372;b
h5;371;x
pot;371;x
rdf;369;x
XML;366;c
ARC;360;x
SBB;360;x
pckgdep;357;x
atn;356;x
pyi;356;b
thl;356;x
aac;354;a
0;350;x
bas;350;x
dic;349;x
assetbundle;345;x
resS;345;x
exo;344;x
xba;342;x
tps;340;x
R;339;c
xlsx;338;d
betwixt;336;x
jad;336;b
ibd;332;x
ent;331;x
props;331;p
version;326;t
xcs;326;x
PRC;324;x
wpl;323;a
MID;321;a
war;318;z
avi;317;v
cu;317;x
csproj;316;c
sch;316;x
vdf;316;x
ddl;314;x
3gp;313;v
customDestinations-ms;312;x
ap_;311;x
lck;310;x
f90;309;x
mdb;308;s
vtl;308;x
old;307;x
mxv;305;x
tfx;304;x
vspscc;304;x
img;302;i
tmpl;302;c
eot;301;x
kmz;300;x
autosave;299;s
npm;299;c
lwp;298;x
bsh;297;e
x32;292;x
eps;291;d
VOC;288;a
stamp;288;x
plg;286;x
rsc;284;x
PAL;280;x
nfs;280;x
cuh;279;x
targets;279;x
winmd;278;x
dl_;276;x
layout;275;x
cxx;274;c
EMF;272;f
jspf;272;c
sdw;272;x
level;271;x
key;269;x
dbf;266;s
VOB;265;v
text;265;t
up_meta;265;x
3tiff;264;i
ICO;263;i
mak;263;c
asm;262;c
DRV;261;b
dot;260;x
wbk;260;x
r;259;c
BM_;258;x
IFO;258;v
resources;258;x
al;253;x
avl;250;x
meta;250;x
nod;249;x
odt;248;d
inx;247;x
16;245;x
control;244;x
jmk;244;x
xmd;244;x
asp;243;c
jrs;242;x
one;242;x
HDP;241;x
Spp;240;x
doctest;240;x
jarv;240;x
OLD;238;x
DEU;237;x
afx;237;x
fileTableLock;236;x
make;236;c
Idl;235;c
lcl;234;x
del;233;x
pict;232;i
teamtask;232;x
DDP;228;x
desc;228;c
textures_l1;228;x
opt;227;x
nrm;226;x
m4;225;c
str;225;c
8;224;x
BGI;224;x
H0;223;x
hps;223;x
locres;222;x
BUP;221;x
jshintrc;221;x
db_;220;x
fs;220;x
key_;220;x
padding;220;x
tmap;220;x
WRI;219;d
down_meta;219;x
xul;219;b
vbs;218;c
TAV;216;x
ecb;216;x
fda;216;x
ht_;216;x
skin;216;x
processed;215;x
tmd;214;x
scala;213;c
ARJ;212;z
INC;212;c
preprocessing;212;c
gfs;210;x
jpx;210;x
rsr;210;x
m2ts;209;v
atp;208;x
cly;208;x
expected;207;x
ppm;207;i
vb;207;c
CNT;205;x
out;205;t
resource;205;x
tbl;205;x
rdb;204;x
dist;203;x
ncb;203;x
CMD;202;e
CivBESave;202;x
sbi;202;x
lex;201;x
modules;201;x
PSD;200;i
fdt;200;x
fdx;200;x
nbt;199;x
fnm;198;x
lrc;198;x
pub;198;x
qmlc;198;x
CW_;196;x
archive;196;z
scene;196;x
container;195;x
pod;195;x
sar;193;x
7;192;x
SPL;192;x
ZIP;192;z
rll;192;x
src;192;c
idb;190;x
ipynb;190;c
mk;190;c
frq;189;x
pch;189;x
regtrans-ms;189;x
tis;189;x
ERG;188;x
sbs;188;x
uplugin;188;x
ctm;187;x
sth;187;x
tii;187;x
vcproj;187;c
ls;184;x
pfm;184;x
jsm;183;x
usf;183;x
aa;182;x
prop;182;p
acl;181;x
data;181;s
mcp;181;x
CHM;180;d
PRO;180;c
TPU;180;x
mwp;180;x
node;180;c
priv;179;x
DB_;178;x
mcmeta;178;x
tm;177;x
xyz;176;x
SVN;175;x
strings;175;t
LIF;174;x
dictionary;174;x
mod;174;x
store;172;x
ess;171;x
SBS;170;x
crv;170;x
p7x;170;k
dat_old;169;x
Civ6Save;168;x
PAC;168;z
lastUpdated;168;x
swp;168;x
thmx;168;x
iml;167;x
b;166;x
mbpV2;166;x
sig;166;x
rdx;165;x
soc;165;x
eap;164;x
pickle;164;b
sst;164;x
jres;163;x
PRN;162;x
fsc;162;x
pfx;162;k
vcode;162;c
AX;161;x
pack;161;z
MO_;160;x
MAP;157;x
iaf;157;x
solution;157;x
cf;156;p
mplstyle;156;x
tbres;156;x
cmm;155;x
cmmd;155;x
pset;155;x
icc;154;x
xlb;154;x
CDT;153;i
cik;153;x
IM_;152;x
KID;152;x
XM_;152;x
fatjar;152;c
lss;152;x
pro;152;c
v4e;152;x
component;150;x
umap;150;x
ani;149;v
bgui;149;x
RC;148;x
inn;148;x
pre;148;x
rcp;148;x
xpi;148;x
adml;147;x
DS_Store;146;x
eslintignore;145;x
MOF;144;x
PluginServiceRegistry;144;x
gro;144;x
cc-tst;143;c
iso;143;z
MANIFEST;142;c
MV_;142;x
api;142;x
mfl;142;x
nomedia;142;x
qxp;142;x
sbstore;142;x
ELM;141;x
gitattributes;141;c
settings;141;p
lhp;140;x
prv;140;x
5;139;x
ENB;138;x
TST;138;x
sbr;138;x
lifecyclemapping;137;x
vet;137;x
AN_;136;x
DIR;136;x
RTF;136;d
dma;136;x
hlo;134;x
osm;133;z
8;132;x
CA_;132;x
IC_;132;x
api_description;132;x
hfp;132;x
exp;131;x
forms;131;x
nvi;131;v
sog;131;x
pmdx;129;x
prd;129;x
woff2;129;f
drv;128;x
gsf;128;x
hlsl;128;x
name;128;x
orig;128;x
jnlp;126;x
edb;125;x
mxc3;125;x
ilex;122;x
models_l0;122;x
setup;122;x
CPL;121;i
models_l1;121;x
DR_;120;x
WM_;120;x
djvu;120;x
ino;120;x
usr;120;x
whl;120;x
CFG;119;p
X3D;119;d
udd;119;x
cdx;118;x
dat_mcr;118;x
npz;118;x
pgm;118;x
qstr;118;x
PLT;117;x
MOC;116;x
plist;116;x
ddd;115;x
egg-info;115;z
profile;115;b
PIF;114;e
jps;114;x
keystore;114;k
qdocconf;114;x
ral;114;x
fig;113;x
AS_;112;x
CHR;112;x
ctf;112;x
mlet;112;x
opts;112;x
6;111;x
CSS;111;w
ark;111;x
sam;111;x
ush;111;x
INS;110;x
GID;109;x
vxd;109;x
xz;109;x
CP_;108;x
adf;108;x
extra;108;x
frag;108;x
npy;108;x
scp;108;x
smi;108;x
NVX;107;x
TLB;107;x
aps;107;x
ldb;107;x
weba;107;x
POC;106;x
aax;106;a
bfc;106;x
tab;106;x
PDF;105;d
library-ms;105;x
rss;105;x
MFL;104;x
MF_;104;x
XLS;104;c
Z;104;z
ecore;104;x
gmo;104;x
mapcss;104;x
usd;104;x
DB;103;s
MMTRK;103;x
glsl;103;x
scm;103;x
scr;103;e
stg;102;x
ev3;101;x
proxy;101;x
AW;100;x
DOT;100;x
OCX;100;x
com;100;e
syn;100;x
DIZ;99;x
tgz;99;z
LEX;98;x
dta;98;x
ignore-me;98;x
scan;98;x
vlpset;98;x
VXD;97;x
man;97;x
Old;96;x
cpg;96;x
flv;96;v
localsettingunit;96;x
moc;96;x
vcrd;96;x
xap;96;x
1;95;x
sl;95;x
suo;95;x
xmi;95;c
0;94;x
min;94;x
slmeta;94;x
MSK;93;x
MST;93;x
Rmd;93;x
blf;93;x
eclipseproduct;93;x
mobi;93;d
sfx;93;x
10;92;x
dcr;92;x
ex_;92;x
un~;92;x
dpr;91;x
BDR;90;x
pgr;90;x
thm;90;x
xcconfig;90;p
MP3;89;a
OVL;89;x
dotx;89;d
icns;89;i
ja;89;x
tar;89;z
vstdir;89;x
xdl;89;x
HMP;88;x
MI_;88;x
VSD;88;x
csl;88;x
mer;88;x
rules;88;x
4;87;x
p12;87;k
pmvx;87;x
tst;87;x
up_meta_secure;87;x
aff;86;x
down_data;86;x
MP4;85;v
VBX;85;c
index_inputs;85;x
pt;85;x
vert;85;x
4DD;84;x
4DR;84;x
MS_;84;x
PRL;84;x
SMP;84;x
TBK;84;x
bau;84;x
brk;84;x
cd;84;x
cls;84;x
fits;84;x
hpz;84;x
TMP;83;x
blocks;83;x
met;83;x
RES;82;x
iss;82;x
ac;81;x
fingerprint;81;m
msk;81;x
8bf;80;i
AC_;80;x
PDB;80;x
WP_;80;x
backup;80;x
ggr;80;x
jpa;80;x
msc;80;x
security;80;x
thp;80;x
var;80;x
keyring;79;k
MVP;78;x
MXME;78;x
MXRV;78;x
epd;78;x
ilk;78;x
jfm;78;x
qph;78;x
ASP;77;x
cst;77;x
fol;77;x
ov2;77;x
tex;77;x
CO_;76;x
DA_;76;x
MAN;76;x
PKG;76;x
TL_;76;x
cvd;76;x
hsql;76;c
koi;76;x
mdz;76;x
prc;76;x
qtx;76;x
ufx;76;x
bytes;75;x
cpf;75;x
lm;75;x
otp;75;x
dem;74;x
n;74;x
sdv;74;x
sod;74;x
soe;74;x
soh;74;x
el;73;x
err;73;x
mdp;73;x
nsi;73;x
pfs;73;x
pyw;73;x
3fx;72;x
3mf;72;x
CN_;72;x
JS_;72;x
M16;72;x
PCX;72;i
SCR;72;x
XD_;72;x
asax;72;x
binmesh;72;x
ddt;72;x
group;72;x
license;72;x
log_backup1;72;x
nct;72;x
pbitm;72;x
pfa;72;k
tab_i;72;x
vsd;72;x
vssscc;72;x
xdr;72;x
response;71;x
scss;71;x
xcd;71;x
CMP;70;x
OLB;70;x
arc;70;x
efb;70;x
lpr;70;x
terms;70;x
MXAD;69;x
acf;69;x
tsp;69;x
SC_;68;x
ashlang;68;x
csh;68;x
serverdef;68;x
ubulk;68;x
LST;67;x
Manifest;67;c
XSL;67;x
csp;67;x
session;67;x
DLC;66;x
bal;66;x
fin;66;x
gml;66;x
gpk;66;x
Crwl;65;x
DPV;65;x
fmt;65;x
glfx;65;x
mtx;65;x
mus;65;x
sdb;65;x
sha;65;m
target;65;x
BSD;64;x
EAP;64;x
IID;64;x
MAK;64;c
OC_;64;x
TPP;64;x
asmx;64;x
db-journal;64;x
id;64;x
ilg;64;x
pgp;64;k
rgn;64;x
spk;64;x
tmpCREDITS;64;x
tomcatplugin;64;x
4DC;63;x
MXEO;63;x
9;62;x
