;675243
$$$;4
&versionid=133&AID=028;1
0;350
0, Culture=neutral, PublicKeyToken=31bf3856ad364e35;19
0, Culture=neutral, PublicKeyToken=adb9793829ddae60;1
0, Culture=neutral, PublicKeyToken=b03f5f7f11d50a3a;16
0, Culture=neutral, PublicKeyToken=b77a5c561934e089;4
0, Culture=neutral, PublicKeyToken=null;18
0-NOTICE;4
0-dev;2
0-rc1;2
0-rc2;2
0-rc3;2
0-rc4;2
0-release;2
000;94
0001;17
001;95
002;55
003;31
004;27
005;26
006;26
007;26
008;224
009;27
00c;1
010;92
011;26
012;26
013;26
014;554
015;26
016;245
017;26
018;26
018c8a73d282fd82eafb927fb49c98617ceaf1d5;2
019;26
020;26
021;26
022;26
023;26
024;59
025;26
026;26
027;26
028;26
029;26
0293922dfefa5f22e17a5c559f8e10fc21437ce3;2
030;26
031;26
032;26
033;26
034;26
035;26
036;26
037;26
038;26
039;26
040;26
041;26
042;26
043;26
044;25
045;25
046;24
047;24
048;24
049;24
050;24
051;3
0548a660a89c8a4c3b361697da180ad66b0a9b6e;4
0555c4d116938d45bdfd99d36df5b48dd206122f;2
0613851ab8311dda487fad993f5ad54920d7beaa;4
0657a439-f459-42d9-9967-14d71708d498;1
070ad6fe9f79342e7911a022a60529144370510c;4
074d85544550eff4493373711c4f6e6e67e677cf;2
0855c6199c0270c5728a829f6985fbbccfc81028;4
086ac97644fb3421e5e144c3bde8ab9eef172c52;2
0984f5da37ff2ded510ee1e9c7cd22173c58d28d;2
0RC1;4
0RC2;4
0RC3;4
0_r1;8
0_r2;2
0_r3;2
0_r4;2
0_r5;2
0_r6;2
0_r7;2
0b488adfe982dee57de64ca42a5fdd6d7c0aeac2;4
0bb36e3816d88ba2dd98c776e2e0c4cf51065dfc;2
0beta1;4
0beta2;4
0beta3;4
0cert2;3
0cert3;3
0cert4;3
0cert5;3
0d5910b2dcb555096cbc2e1816b11b3cdee4293f;4
0d960834e839755e1a40157ebc507a64d423f9bf;2
0f2fdd7ec86bd97b7e78631318f6960486148793;4
0rc1;12
0rc2;8
1;2190
1 SD Install;16
1-NOTICE;2
1-dev;4
1-dev-plus-aosp;2
1-release;2
10;36
101;2
102;2
103;6
103484ac4258462d73f4915b25c7dcbb300d6d3d;4
106;2
109;2
11;57
112;4
113;2
114;2
115;1
116;2
11612;1
117;4
118;2
119;2
11_i;14
12;25
1206c119ceb1d43b84a20f43f112e18662481238;2
121;2
122;2
123;12
124;2
125;4
126;4
128;2
13;46
131;2
133;2
134;6
134e3369e6bb81f18f81916c64f219b5350c41cb;4
135;2
136;2
1377699985;4
1379548880;4
137f37918a205f16f61e1c30d9050bf89758735d;4
138;2
1383267680;4
1387242073;2
1387242074;2
139;4
14;10
140;2
142;2
143;2
146;2
149;2
15;18
151;2
152;1
153;2
154;2
155;2
157;2
159;2
15ba116330b58175dab4271af1b10e3c1573d12b;4
16;12
160;2
160c4d215207b8a7df0b5de6048f9367bb13b430;2
161;2
163;2
163a58a97bd8a9181a3677dd8b75631a25951b10;4
1647631;6
165;4
165303;1
167;2
168;2
169;4
17;15
171;2
171103572;3
172852;1
173;2
175;2
178;2
179;2
18;21
182;3
186;2
187;2
188;2
189;3
19;12
190;2
192;2
193;2
196;2
197;2
198;2
199;2
1_r1;26
1_r2;8
1_r3;2
1_r4;4
1_r5;2
1_r6;2
1a05b145f5391e809c5db8163a959035719b807c;2
1ab32bd4f929f31e1a32c6c25a2db4f28b584b99;2
1b02fc0cc80ff4dc466b6c2b45cc990b6a8495fd;4
1cert1;3
1d0cee4be0e4f725d9c1f94d260598756d457cb5;4
1ebc75dcc409b976c15e8b19e6cf3c4e815d0f49;2
1p;2
1p2;2
1s;2
1st;4
1und1[1];4
2;384
2-cts;2
20;20
2007-01-19;4
2007-01-24;4
2010;4
2010-02-16;3
2010-02-18;3
2010-02-19;3
2010-02-22;3
2010-02-23;3
2010-03-01;3
2010-03-02;3
2010-03-04;3
2010-03-05;9
2010-03-08;9
2010-03-09;9
2010-03-10;9
2010-03-11;9
2010-03-12;9
2010-03-15;3
2010-03-16;9
2010-03-17;9
2010-03-18;6
2010-03-22;9
2010-03-23;6
2010-03-24;12
2012-10-05;2
2012-10-06;1
2012-10-14;1
2012-10-15;1
2012-10-16;1
2012-10-17;1
2012-10-22;1
2012-10-23;1
2012-10-24;1
2012-10-25;1
2012-10-26;1
2012-10-27;1
2012-10-29;1
2012-11-04;1
2012-11-10;1
2012-11-14;1
2012-11-26;1
2013-01-01;1
2013-02-03;1
2013-04-02;1
2013-05-11;1
2013-05-17;1
2013-05-27;1
2013-05-29;1
2013-06-10;1
2013-07-29;1
2013-07-31;1
2013-08-11;1
2013-08-15;1
2013-08-16;1
2013-09-04;1
2013-10-09;1
2013-10-12;1
2013-10-15;1
2013-10-18;1
2013-11-18;1
2013-11-24;1
2013-11-27;1
2013-12-17;1
2013-12-23;1
20160913-0645;3
201701102225;2
201703062208;3
20170314-1500;3
201711040229;2
20180405-1200;6
20180619-1200;5
201903092251;2
20190314-1200;2
202003091030;1
20200313-1200;2
205;2
207;4
209;2
21;6
210;1
211;2
213;4
214;2
214e3347d1a981107d70b7bd10a9abe70dfdfed4;4
216;2
217;2
218;2
218e6a96e191bef8eaa710c2478b07a36d1c729c;2
22;6
220;2
222;2
223;2
225;3
226;2
227;2
22807f7667d574246ad7a6dff95ec6cae02d4d6f;2
229;4
23;4
230;2
232;2
235;2
236;2
237;2
238;2
239;2
23c3e6b555db069b079f0bd162985041a001a744;2
24;4
240;2
241;4
242;3
244;3
245;2
249;2
25;2
250;2
251;2
252;2
253;2
2537647d18c75ff7c65407696541eaa27d2d3282;4
255;1
256;2
258;2
259;2
26;4
260;2
261;2
262;2
263;2
265;2
266;4
269;2
269dbc96-085c-439d-8ba0-c61758be9539;1
27;22
271;2
272;2
274;4
275;2
276;2
2762f4c4a18610a6527ffe95460eeef83bfc3b52;2
277;2
279;2
28;2
282;2
283;2
284;2
286;2
287;2
288;2
289;2
29;4
290;2
292;2
294;2
295;2
296;2
2960;1
2961;1
2962;1
2963;1
2964;1
2965;1
298;2
299;2
2_i;2
2_r1;18
2_r2;6
2_r8;2
2b;2
2c1476107d6e2818fc3acb94d059b64a43169f5b;2
2c6045e7fd385636fe5fcab480adfce3f2ed7da6;4
2db9aad091aa71064fe62a9d2c3d477114b40d8d;4
2f6fd1e45c61fec6df8b4cd3904381c1711e89dd;4
3;1395
3-NOTICE;6
3-pl1;4
3-tools_r1;2
30;2
301;2
302;2
303;2
304;2
305;2
305525e0742387a43aa7569ead9acb4c1a948b2c;2
306;2
307;2
308;2
30865f8545dafeb56e303ef097b64199de634f3e;4
309;2
31;10
311;2
312;2
314;2
315;2
316;2
318;2
319;10
32;8
321;2
322;2
3223f494496e29aa409a8c340fe4b321fbb76318;4
324;2
325;2
326;2
328;2
329;2
33;4
330;2
332;2
333;4
334;2
335;2
337;2
338;6
339;2
34;4
340;2
341;2
342;2
344;4
346;2
34bd6d987e612cda1fcc1de42c5e6ede12f9a988;4
35;12
350;2
351;2
352;2
354;2
355;2
357;2
358;4
359;2
36;2
360;2
361;2
362;2
363;2
364;2
365;4
366;2
367;2
369;3
36c4afb09a7bd5176f40e268b1a909a0a112a963;2
37;10
370;4
371;2
372;2
373;2
374;2
37513c8bae95326f1008c3c0523bd84c088bca87;2
377;2
378;2
38;2
380;2
381;2
384;2
38407426fab453b785728e37c791c076957f4f5d;4
385;2
386;30
388;2
38_;12
39;4
390;2
391;2
393;2
394;2
395;2
399;1
39aa0d0b7859e500a5d09774d89e54b0af022bb5;4
3D;4
3GP;12
3_r1;18
3_r10;2
3_r11;2
3_r12;2
3_r2;6
3_r3;2
3af73c784ba7a6cdf45f97c0829f03de0acee7d2;2
3ccb858c-c6ba-46b9-9696-e352a9bf85e5;1
3d;44
3dp;4
3ea92a4b-1148-49ce-b2ce-2905397f6bfe;1
3fx;72
3gp;313
3mf;72
3only;6
3tiff;264
4;87
40;4
400;2
401;2
402;3
40259b3851428759ce227b983761aca04630f094;2
403;2
404;2
406;2
407;4
41;4
410;2
411;3
412;2
413;2
414;2
415;4
416;3
418;2
42;8
420;2
421;1
42413e47278f1ddff658def96c611eb49dec726b;4
426;4
427;2
428;2
43;8
430;2
431;2
4333796;4
435;2
437;2
439;2
44;11
44017b92cd11f88da7cc4456259cc673284fdb10;4
441;2
443;2
444;2
445;2
446;2
448;2
4482335903d7af7287bbfc79d4931729738a4c09;2
449;2
45;4
450;3
451;2
453;2
454;2
456;2
457;4
458;2
45b90fb5-695e-44d7-aca6-9ad439353a2b;1
45bc5148-6ca0-447d-b7e5-678d755fe46b;1
46;12
460;2
462;2
466;2
467;2
467d16e6e7cf23ebbbfff62e1478e00184a87ed1;2
468;2
469;2
47;2
470;2
474;2
476;2
478;4
479;2
48;2
48-NOTICE;2
480;2
482;2
484;4
487;2
487b6bf2e0d17b5a2f791f7895d0fb1ab00109c9;2
489;2
49;2
4904ab9577b016c4125d3e925107bcddd7d485c5;2
490c283db9df494790e471108349b74efca8bf6e;4
491;2
492;2
4925;6
495b9fa0ea227969db77f2db3283756e52f8b7d7;2
496;2
4DB;42
4DC;63
4DD;84
4DR;84
4DX;420
4_r1;8
4_r2;4
4af7342df17791efbc9591215d51d480e8b5c58e;2
4be4a18782b082c8d2ef2b4418af07eb19c50b53;2
4d2aa8e191b1d3badebcc2936abbab8699aaf868;4
4f8ac93daf8a84bdf1824065a618e0a6f8e161b1;4
4w_r1;2
5;139
5-NOTICE;2
5-pl1;4
50;27
500;2
5029214cfa8bde3d77dbdede09c8e8ef1fbadcc2;2
503;2
504;2
506;2
507;2
509;2
50ba20066b6f7cca54ee97acc7b90663900e88d0;4
51;5
510;2
511;2
512;2
513;2
515;2
5158;1
516;2
519;2
52;5
521;2
522;2
523;2
5235eeb7bf6e80a06ddb9639cfb7313dce8369a4;2
524;2
526;2
527;2
529;2
53;9
531;2
532;2
534;2
535;2
536;2
537;3
54;6
540;2
541;2
542;2
543;2
545;2
547;2
548;2
549;2
55;3
551;2
553;2
553ee98d8d3922e7196b530e5602c8bafdf86bf4;4
556;2
557;2
558;2
559;2
56;4
560;2
562;2
564;2
565;2
5655db378083569c13b9265b458f1a7a36dcac3a;2
566;2
568;2
569;2
56b55bcc8f8daf058bae8bca6f4c9e9d21a5dc96;2
57;12
570;2
571;2
572;2
573;2
574;2
576;2
578;2
58;2
580;2
584;2
585;2
586;3
587;2
588;2
589;2
59;8
590;2
590ea93d56b833fe19c1980daf4fd4e7c6580e95;4
591;2
593;2
594;2
597;2
599;1
59f4d93f-721f-49dc-9600-6d6bb4364ba4;1
5B;1
5_r1;2
5c4a6bd9fbf367fb3959bf4d42df858939c9790e;4
5cb2b57aaa6eed2df6bcad7bbcb3b169463ba5f2;4
5d0843d636dbf0c4a76b0c2f20a108c979d7c7aa;2
5d18bfcafa4178c7f4b45abf793573c7e6622871;4
5f21426ef6c4219fb1f6532b2f524981c9824065;2
5f572c72777152507d24ab6f598d53d30e8afe76;2
5x;4
6;111
60;5
602;2
606;2
607bed7369007bf2f81ba93e4cc82c41202a1767;2
608;4
609;2
60f21a509de280906a3ad87421ab2ab13337d465;2
61;6
610;2
612;2
613;2
614;2
6158420551c91af6c4123156e33e14d2a1e75f24;2
618;2
619;1
62;4
62-now;2
620;2
621;2
622;3
6228;1
624;4
625;2
626;2
6288;1
629;2
63;12
630;2
631;2
633;2
634;2
636;2
637;2
638;2
63cf12d576100b75a61e56f773e144f83c9c1abe;4
64;12
641;2
641b6bb6-3107-43cf-8b9a-a368d756d9a7;1
642;2
643;2
644;2
647;2
65;2
650;2
651;2
652;2
654;2
656;2
659;2
66;4
6601ef93f64081df58d0427208e98e2c234700ea;2
661;2
662;2
663;2
667;2
668;2
67;3
670;2
671;2
675;2
676;2
677;2
678;2
68;4
681;2
682;3
683;2
684;2
685;4
686;5
68DA-32F3D-BE312;40
69;2
691;2
692;2
693;2
695;2
6980;1
6C;1
6_i;4
6_r1;4
6_r2;2
6a942ba491f0d9338329d6083df83d51c4118b8f;2
6ac3debbba572639ac1f637f8ff5e142cac419c5;4
6d4ffde5fcda2310c8a0a728e544e587c35ea61d;2
6e4c58fd-e58c-46eb-81b4-ffbf9775aa78;1
6f1d26e8a2bcf7756df2afea0a6d3616e22808cc;4
7;192
70;5
701;3
703;4
704;2
705;2
708;2
709;2
71;4
710;2
712;6
713;2
714;2
7147ff72-28b8-4c07-a727-0718b20adb26;1
715;2
716;2
717;2
71d035eab4fed4dca4c1dd2bdf7bb8789df4c37e;2
72;2
720;4
721;2
722;2
723;2
72364c53-d40f-4f82-ba30-5589a3967033;1
726;2
727;2
728;4
73;4
730;4
731;2
7326b7e503e60f66a2e237ea657262a7e2efca2e;2
733;3
734;2
738;1
74;2
740;2
741;2
742;2
743;2
745;2
748;2
74ee8704fae865725b9eb72a4eba3a6a376e8b08;4
75;3
752;1
755;2
756;2
757;2
7588450f6d3c5be998ef2b523385f894243e9caf;2
76;4
760;2
761;2
7614ea68471ef77169b686a610fc0df7c2bca54c;2
762;2
763;2
767;2
769;2
77;2
770;4
772;2
774;2
774a081ac3f6ad1f124b731c942587b28015d9c5;2
776;2
777;2
779;6
78;3
780;2
782;6
7843d3c2148f6f92fc53b0fd1d8391bf2f376373;2
785;4
787;1
789;2
79;3
791;2
795;2
796;2
797;2
798;2
7C;1
7E;1
7_r1;2
7afdeb23eedfc53838cb09bceca440e2402e11cb;2
7c8b56924fbc8db54ef9d44ad50a1015e15e6a70;4
7cfa3912225a696d06d15b77f5523042593c4a34;4
7fb8ff97abed2fb0a2325bca4e524f75cf5543bf;2
7z;19
8;132
8-NOTICE;2
80;5
800;3
801;2
802;2
803;2
806;2
807;2
808;4
809;2
81;3
812;4
813;2
814;2
816;2
817;7
819;3
81b4842ae1b5f9da285bf33f71d1d00a621652dc;6
82;3
822;2
824;2
825;2
826;2
828;3
829;2
83;2
830;2
831;2
832;2
834;2
835;3
837;2
838;2
84;3
840;2
841;2
842;2
843;4
846;2
849;4
849C9593-D756-4E56-8D6E-42412F2A707B;1
85;3
850;2
851;4
852;2
853;2
854;2
855;6
8554adb35bf04052af040dfcd4de79d5d9a8908c;2
857;2
858;2
859;2
86;1
860;2
864;2
868;2
869;4
87;1
870;2
871;2
872;2
873;2
875;2
876;2
877;2
88;2
882;2
883;2
884;2
885;2
886;2
887;2
888;5
88e5276b0322a1e5621f8c0c713170936c3a7809;4
89;2
891;2
893;2
894;3
895;2
896;3
897;4
898;2
8BA;4
8BF;20
8BI;4
8BX;4
8[1];2
8a05dbf6458071a73490abcc6af27dafb3063da1;4
8a728e37-0891-4ccb-ab39-90990a8efb6a;1
8a87ec80d1c9ca1687a4ef4bbb72ab541650821d;2
8ba;4
8bc7531267b1138178d301fd45b0fcfce4707b60;2
8be;13
8bf;80
8bi;32
8bx;4
8d52765f13574042ee0a83e849844743f72eb9e7;2
8dda8937-0681-4165-88f6-e8460fbc1082;1
8fe077cdd08f2c7612f0eb2896ed03e449dccef6;2
8svx;3
9;62
9-NOTICE;2
90;2
902;2
9036;1
906;2
907;2
908;2
909;2
90de81f3ae4b018afc7881cecafd68b0add09838;4
91;3
910;2
911;2
912;2
914;2
915;2
916;2
918;2
919;2
920;2
923;2
924;4
925;2
926;3
928;3
93;2
932;2
932b84296e1eb4be11a21374682a99b06beee8e1;2
933;2
937;2
94;4
945;2
948;2
949;2
95;25
950;1
952;2
953;2
954;2
956;2
95a980c705eacf1e975ce5dfee6e1c761b04e474;2
96;2
961;2
963;2
9649a4ca6eae104611f367b542730d053bab7ed9;4
965;4
967;2
968;2
969;2
970;2
972;2
973;1
976;2
978;1
979;2
97bf8e87-412b-4836-85d3-3e0a3b73f7d5;1
98;12
980;2
981;2
982;1
983;2
984;2
985;2
987;2
988;2
989;2
98dcbc476d3095791dbf8a28231e09c8c367643f;4
99;2
990;4
991;2
993;2
995;2
996;4
9aa31402131c5ff3106154ffc559bb09f0fcb305;2
9c9d17f351a949d02771c115a7e20f6a3435a2a6;2
9f7c8861545f80d84374a5b96a57b9cab372afa3;2
9x_users;4
A;3
A0;1
A99;4
AA;1
ABT;20
ACC;1
ACCDA;1
ACCDE;3
ACCDU;2
ACG;32
ACL;13
ACM;57
ACP;32
ACS;32
ACT;4
AC_;80
ADV;4
AD_;4
AI;8
AIX;4
ALP;1
ANS;20
ANT;5
AN_;136
APACHE;1
APACHE2;56
API;480
APP;8
APS;4
ARC;360
ARJ;212
ASA;8
ASM;5046
ASP;77
ASTTransformation;7
AS_;112
ATB;5
ATM;5
AUD;1
AVD;3
AVI;1238
AV_;4
AW;100
AX;161
AX_;60
Abstractions, Culture=neutral, PublicKeyToken=null;4
ApplicationHost, Culture=neutral, PublicKeyToken=null;1
AttributedModel, Culture=neutral, PublicKeyToken=b03f5f7f11d50a3a;1
AudioFileReader;4
AudioFileWriter;4
Auth;4
B99;4
BAD;6
BAK;2029
BAR;14
BAS;8
BAT;1401
BA_;4
BDR;90
BDT;12
BGI;224
BIG;5
BIN;1044
BIT;7
BI_;12
BK0;8
BK1;8
BK2;12
BK3;8
BK4;8
BK5;8
BK6;8
BK7;8
BK8;4
BK9;4
BKG;20
BMC;6
BMP;3635
BM_;258
BOO;5
BPD;4
BRF;10
BS;9
BSD;64
BTR;4
BTW;444
BUP;221
Bin;3
Blob;3
BuildSrcProjectConfigurationAction;1
C;812
C08;12
C16;24
C32;48
C88;5
CA1;4
CA2;4
CAB;668
CAG;8
CAR;5
CAT;633
CA_;132
CBZ;760
CD;1
CDB;4
CDP;420
CDR;432
CDT;153
CDX;36
CE;1
CER;1
CFG;119
CFX;26
CGM;4
CGP;4
CH;1443
CHI;32
CHM;180
CHP;5
CHR;112
CHS;4
CHT;4
CH_;900
CIS;6
CLP;6
CLR;10
CLW;4
CMD;202
CMP;70
CM_;8
CNF;16
CNM;4
CNT;205
CNV;59
CN_;72
COB;12
COD;14
COL;4
COM;1714
CONF;14
CO_;76
CP1250;13
CP1251;12
CP1253;12
CP1254;13
CP1256;12
CP1257;12
CPF;5
CPI;3
CPL;121
CPP;750
CPT;408
CP_;108
CR2;694
CRL;8
CRT;8
CSC;49
CSM;14
CSR;8
CSS;111
CSV;14
CS_;28
CSharp, Culture=neutral, PublicKeyToken=31bf3856ad364e35;1
CSharp, Culture=neutral, PublicKeyToken=null;1
CTL;16
CTM;16
CT_;4
CUR;56
CU_;600
CV4;4
CVC;5
CVS;3
CVW;4
CW_;196
Cache;1
CharsetProvider;6
Civ5Replay;23
Civ5Save;1162
Civ6Save;168
CivBESave;202
Client, Culture=neutral, PublicKeyToken=31bf3856ad364e35;1
Clr, Culture=neutral, PublicKeyToken=adb9793829ddae60;1
CodeAnalysis, Culture=neutral, PublicKeyToken=31bf3856ad364e35;1
ComfyCakesSave-ms;8
Common, Culture=neutral, PublicKeyToken=null;1
Compilation, Culture=neutral, PublicKeyToken=null;1
CompositeFont;2
Config;21
ConnectionVersion4;7
Connector;4
Convention, Culture=neutral, PublicKeyToken=b03f5f7f11d50a3a;1
Core, Culture=neutral, PublicKeyToken=31bf3856ad364e35;1
Crwl;65
DAT;5297
DATA;4
DA_;76
DB;103
DB$;24
DBF;3718
DBS;21
DBT;825
DB_;178
DDP;228
DDT;768
DE;9
DEB;4
DEF;60
DEM;6
DES;60
DEU;237
DE_;12
DE_FIRST_NAME;30
DIC;25
DIG;36
DIR;136
DIZ;99
DI_;44
DKP;5
DLC;66
DLG;12
DLL;10974
DLS;7
DLSTRINGS;34
DL_;6049
DOC;16794
DOCS;4
DOMImplementationSourceImpl;4
DOMImplementationSourceList;4
DOS;20
DOT;100
DO_;8
DPV;65
DRV;261
DRW;4
DR_;120
DSA;10
DSD;2586
DSK;486
DSP;4
DSW;8
DS_;4
DS_Store;146
DTD;45
DTDConfiguration;4
DT_;8
DU_;36
DXF;4
Darwin;2
Dataflow, Culture=neutral, PublicKeyToken=b03f5f7f11d50a3a;1
Debug;8
DependencyManagementServices;7
DesignTime, Culture=neutral, PublicKeyToken=null;1
DesignTimeHost, Culture=neutral, PublicKeyToken=null;1
DeskLink;46
Diktat;60
Dlg;22
Dll;36
DocumentBuilderFactory;4
Dotx;3
Driver;3
EAP;64
EBC;6
ECF;5
EC_;4
EDT;5
EFI;4
EIT;5
ELM;141
EMF;272
ENB;138
ENG;4
ENU;5
EN_;8
EPS;15
ERG;188
ERR;28
EST2014;15
EST2015;5
EST2016;4
EST2017;9
EST2018;6
ES_;12
EX2;6
EXC;12
EXCEPTION;1
EXD;9
EXE;5354
EXP;28
EX_;1782
Eterm;4
EventSource, Culture=neutral, PublicKeyToken=b03f5f7f11d50a3a;1
Evt;12
Exe;22
Extensions, Culture=neutral, PublicKeyToken=b03f5f7f11d50a3a;1
Extra;56
F;6
FAC;56
FAE;14
FAK;12
FAQ;2
FAW;6
FBX;57
FCK;5
FD;4
FI;4
FIC;6
FIR;3
FIRST;4
FLT;378
FMP;8
FNT;18
FON;695
FOT;4
FO_;808
FPT;8
FPX;4
FRA;14
FRM;4
FR_;12
FSD;1
FSF;1
FTG;4
FTS;4
FormatConversionProvider;4
Formatting, Culture=neutral, PublicKeyToken=31bf3856ad364e35;1
FreeBSD;4
GAM;4
GB18030;4
GC3Sav;9
GDF;5
GER;16
GID;109
GIF;85258
GI_;448
GL2PS;1
GLB;1
GPC;4
GPL;1
GP_;28
GRA;9
GRD;4
GRL;2
GRO;24
GRP;1
GR_;4
GS;4
GZ;4
Gadget;2
GradleApiSpecProvider;3
H;1320
H0;223
H1D;4
H1H;2
H1Q;2
H1W;4
HDP;241
HEX;32
HIV;11
HLC;6
HLP;1172
HL_;713
HM;4
HM0;53
HMP;88
HOF;5
HOL;1
HO_;6
HPJ;16
HST;14
HTM;30638
HTML;4
HTT;8
HT_;660
HXC;18
HXK;36
HXS;18
HXT;18
HX_;4
H_;40
Host, Culture=neutral, PublicKeyToken=null;2
Hosting, Culture=neutral, PublicKeyToken=31bf3856ad364e35;1
Hosting, Culture=neutral, PublicKeyToken=b03f5f7f11d50a3a;1
Http, Culture=neutral, PublicKeyToken=31bf3856ad364e35;1
HttpListener, Culture=neutral, PublicKeyToken=31bf3856ad364e35;1
HxC;1
HxD;22
HxH;22
HxK;2
HxS;3
HxT;1
HxW;44
Hxx;3
I20180611-0500;5
I20190307-0500;2
I20200305-0155;2
IC;8
ICC;48
ICM;57
ICO;263
IC_;132
ID;52
IDX;10
IE_;4
IFO;258
IFX;23
IID;64
ILSTRINGS;34
IMA;4
IME;11
IMG;7
IM_;152
INC;212
IND;5
INF;3649
INI;657
INL;40
INS;110
INT;8
INTEGRATED;4
IN_;3302
ION;14
IPJ;6
IPv6;4
ISO;8
ISS;1
IS_;20
ITS;6
IT_;12
IW;5
Idl;235
Immutable, Culture=neutral, PublicKeyToken=b03f5f7f11d50a3a;1
Inc;5
Index;6
Index_i;6
Index_inputs;8
Index_inputs_i;8
Ini;7
Inl;2
InputMethodDescriptor;12
InstallLog;9
InstallState;1
JC_;4
JConsolePlugin;8
JNI;4
JPG;1221929
JPN;4
JP_;576
JS;3238
JS_;72
Json;10
KAT;20
KBD Profile;2
KBT;5
KCH;5
KEP;36
KEY;8
KID;152
KO_;4
KotlinClassFileIndex_inputs;1
KotlinJavaScriptMetaFileIndex_inputs;1
KotlinJsMetadataVersionIndex_inputs;1
KotlinJvmMetadataVersionIndex_inputs;1
KotlinJvmModuleAnnotationsIndex_inputs;1
KotlinMetadataFileIndex_inputs;1
KotlinMetadataFilePackageIndex_inputs;1
KotlinModuleMappingIndex_inputs;1
KotlinPackageSourcesMemberNamesIndex_inputs;1
LAB;20
LAN;24
LAY;42
LBC;12
LCK;444
LCS;2
LD1;21
LDAP;4
LDI;12
LDZ;760
LEG;4
LEGO Star Wars - The Complete Saga_SavedGame;1
LEGO®_Harry_Potter™SaveGameData;6
LESSER;5
LEX;98
LE_;20
LGN;20
LGPL;2
LGPLv21;1
LGPLv3;1
LIB;1244
LIC;32
LIF;174
LINUX;1
LIST;14
LIT;5
LI_;6
LNG;50
LNK;779
LOG;691
LOG1;878
LOG2;878
LST;67
LX_;8
Lck;25
Lib;1004
Linux;2
Loader, Culture=neutral, PublicKeyToken=null;1
Log;2
Lst;4
M08;12
M16;72
M20160907-1200;3
M20170301-0400;3
M20180330-0640;6
M32;12
M4A;8
MA;4
MAC;33
MAH;5
MAK;64
MAN;76
MANIFEST;142
MAP;157
MAPIMail;46
MAT;2
MA_;24
MB;44
MBR;6
MBT;36
MB_;12
MD;2
MD5;1
MDA;4
MDB;4
MDE;936
MDT;52
MDZ;12
MD_;8
ME;41
MEM;1736
MER;8
MF;8462
MFL;104
MF_;104
MGC;9
MID;321
MIT;56
MI_;88
MKF;8
MMC;16
MMM;14
MMTRK;103
MM_;4
MNU;26
MOB;4
MOC;116
MOD;3
MOF;144
MOV;505
MO_;160
MP3;89
MP4;85
MPG;9
MPL;1
MRB;15
MRF;1
MRK;2
MS;461
MS950_HKSCS;12
MSC;60
MSG;41
MSI;40
MSK;93
MSMessageStore;12
MSO;4
MST;93
MS_;84
MTS;28
MTX;34
MVD;4
MVP;78
MV_;142
MXAD;69
MXAS;6
MXDH;12
MXDN;2
MXDP;12
MXDT;7
MXEO;63
MXFF;39
MXFFx;36
MXFI;7
MXGE;36
MXME;78
MXMM;45
MXOD;24
MXPE;27
MXRV;78
MXTR;9
MXTS;6
MXVC;19
MYD;1178
MYI;1178
Mak;7
Manifest;67
MemoryBase@feri;4
Metadata, Culture=neutral, PublicKeyToken=b03f5f7f11d50a3a;1
MidiDeviceProvider;4
MidiFileReader;4
MidiFileWriter;4
MixerProvider;16
Msi;12
Mtx;17
N1_;4
NAM;5
NEF;12
NEW;4
NFI;12
NFO;4
NG;444
NIF;16
NLM;52
NLS;950
NL_;548
NOTICE;1
NSI;8
NSS;60
NT;14
NTF;6
NTX;4971
NT_;24
NVX;107
NameServiceDescriptor;4
O;8
OBD;4
OBJ;2980
OB_;8
OCX;100
OC_;64
ODE;4
ODF;3
OEM;2
OGG;1084
OIT;5
OK;4
OLB;70
OLD;238
ONE;5
OPG;1
OPT;6
ORG;5
ORP;1
OS2;13
OSF;5
OSX;4
OS_;8
OTF;1
OUT;10
OVL;89
OVR;49
Old;96
Owin, Culture=neutral, PublicKeyToken=31bf3856ad364e35;2
Oxygen;1
P2L;12
PAB;10
PAC;168
PAD;4
PAL;280
PAM;4
PAS;830
PBK;7
PCF;8
PCS;40
PCT;32
PCX;72
PDB;80
PDD;20
PDF;105
PDI;16
PDR;1
PDX;10
PEN;4
PF;4
PFB;31
PFM;19
PH;16
PHOENIX1;1
PHOENIX1t;1
PIF;114
PIP;4
PIT;5
PIX;12
PI_;4
PKG;76
PLL;33
PLS;15
PLT;117
PL_;4
PM;12
PML;5
PMM;12
PNF;3036
PNG;699
PN_;604
POC;106
POT;36
POTX;2
PPA;8
PPD;5
PPK;4
PPS;4
PPT;15
PP_;4
PRC;324
PRF;24
PRG;9243
PRL;84
PRM;8
PRN;162
PRO;180
PRS;10
PR_;8
PS;26
PSD;200
PSF;1
PSM;4
PSP;4
PX;40
Palm;4
PersistenceProvider;8
PluginServiceRegistry;144
Policy;28
PrintServiceLookup;8
Processor;3
Project, Culture=neutral, PublicKeyToken=null;1
ProjectConfigureAction;23
PuTTY;1
PurblePairsSave-ms;3
QXD;60
R;339
RA_;8
RC;148
RCV;4
RData;2
README;13
REG;29
REP;16
RES;82
REZ;8
RE_;44
RIF;36
RLL;6
RL_;16
RMK;771
RND;14
RNG;10
ROB;12
ROM;8
RO_;12
RSA;4391
RSD;28
RSL;4
RSP;12
RSR;588
RST;29
RS_;4
RTF;136
RTP;24
RUL;4
RUNTIME;5
RW;16
Razor, Culture=neutral, PublicKeyToken=31bf3856ad364e35;1
Razor, Culture=neutral, PublicKeyToken=null;1
Rd;42
Rdata;3
Release;8
ResmonCfg;2
Rhistory;5
Rmd;93
Rnw;9
Rraw;9
Runtime, Culture=neutral, PublicKeyToken=b03f5f7f11d50a3a;1
Runtime, Culture=neutral, PublicKeyToken=null;2
S;5341
SAM;1888
SAV;681
SAXParserFactory;4
SA_;8
SBB;360
SBS;170
SCB;10
SCCD;1
SCM;1
SCO;10
SCR;72
SC_;68
SDB;32
SDD;8
SDF;4
SDI;5
SDX;33
SD_;20
SEView;3
SE_;16
SF;4397
SF2;10
SF65;4
SFX;15
SGI;5
SHD;24
SHP;44
SH_;4
SI;4
SIC;4
SIF;11
SIG;8
SIK;4
SIX;4
SI_;12
SKIP;2
SMP;84
SNA;20
SND;396
SP2;7
SPA;488
SPD;5
SPL;192
SP_;4
SQ_;4
SRG;56
SR_;4
SST;5
STC;18
STD;24
STF;20
STG;5
STP;23
STR;5
STRINGS;34
STS;4
ST_;6
SVE;5
SVN;175
SV_;12
SWB;4
SWF;852
SW_;24
SYD;28
SYM;8
SYS;3176
SYX;24
SY_;908
SchemaFactory;4
Security, Culture=neutral, PublicKeyToken=31bf3856ad364e35;1
SendToBluetooth;3
Sol;5
Sony_PMBrowser3000_BrowserDiskCache;1
SoundbankReader;4
Spp;240
SqlServer, Culture=neutral, PublicKeyToken=b77a5c561934e089;1
SqlServerCompact, Culture=neutral, PublicKeyToken=b77a5c561934e089;1
StackTrace, Culture=neutral, PublicKeyToken=b03f5f7f11d50a3a;1
Storage;5
StreamPrintServiceFactory;8
T00;2
T1;1
T4;45
TAB;28
TAG;17
TAH;8
TAR;4
TAV;216
TA_;8
TBK;84
TB_;52
TD;24
TDH;20
TEM;20
TEX;20
TFH;8
TFX;36
TGA;7
TGZ;4
THD;14
THM;18
TH_;12
TIF;1528
TIN;2
TIS;60
TLB;107
TL_;76
TMP;83
TOW;5
TO_;6
TP;50
TPH;16
TPL;12
TPP;64
TPU;180
TPW;372
TP_;4
TRB;8
TRD;1
TRN;14
TR_;4
TSK;14
TSM;12
TSP;42
TST;138
TS_;32
TT;1
TTF;5695
TT_;540
TXT;3464
TX_;48
Targets;19
Tasks, Culture=neutral, PublicKeyToken=b03f5f7f11d50a3a;1
Tlb;50
Tooling, Culture=neutral, PublicKeyToken=null;1
TransformerFactory;4
TransportService;4
Tsp;1
TwoWorldsIISave;680
Txt;4
TypedParts, Culture=neutral, PublicKeyToken=b03f5f7f11d50a3a;1
UC_;32
UNILANG;1
UNX;4
UP;6
UPT;6
URL;19
USA;28
USR;4
UTF_16;1
UWL;22
Ult;5
Unixware;4
V2011;8
V2012;13
V2013;24
VAL;40
VAR;5
VBC;42
VBS;1
VBX;85
VB_;4
VDB;4
VENDOR;1
VER;8
VE_;4
VID;6
VIF;4
VIP;31
VIR;4
VMRS;4
VMS;5
VOB;265
VOC;288
VSD;88
VXD;97
VX_;4
Vbs;2
VegasWindowLayout;3
Ver;1
VisualBasic, Culture=neutral, PublicKeyToken=31bf3856ad364e35;1
W02;16
W03;16
W04;16
W05;12
W06;4
W07;4
W08;4
W09;4
W10;4
W32;8
WAB;26
WAV;1827
WA_;512
WB_;4
WE_;4
WFB;8
WIN;41
WIZ;4
WK_;4
WLD;20
WLL;6
WMF;3496
WM_;120
WOR;4
WPD;14
WPG;19
WPRP;10
WPS;20
WP_;80
WRI;219
WSDL;4
WSP;9
WinMD;8
WindowsLiveContact;14
WindowsLiveGroup;6
Wiz;8
Workspaces, Culture=neutral, PublicKeyToken=31bf3856ad364e35;3
X;18
X32;28
X3D;119
XCT;36
XD_;72
XG0;20
XG1;20
XLA;41
XLAM;6
XLL;5
XLM;4
XLS;104
XLT;4
XL_;8
XML;366
XML11Configuration;4
XMLParserConfiguration;4
XM_;152
XSL;67
XS_;8
Xml;20
Y;4
YG0;20
YG1;20
YTZ;10
Z;104
ZBF;1
ZFSendToTarget;46
ZIP;192
ZI_;8
_;2098
_PkgInfo;8
_SPD TheSans;12
_callback2&_vrdm=1392654244303;3
_playmusicid;2
_recipes;4
_?;1
a;11250
a088965f105997af639638f4ea51cd1b4e2b47cd;2
a1ae8640acd17a5062f98da61fd61146f2f88257;4
a288a57f-cdd2-426e-bf9f-94605aee25b4;1
a2f6cceee08adbfb6a5032d1f08d101a956dc0c3;2
a4028758e07f0f87b61d5197ba6e81a66b11c8cc;2
a4485d1649d124e9ff87066bfc40d7908c492636;4
a5292bc592d4206cc7e3fd13efe72b15d230914d;4
a743d8c9-ad59-4d20-800e-362db9fece9e;1
a7df1b94-bb31-4616-8247-a4cef2c0b7ab;1
a7ee7748c90b096cbd9f6512545b9df94867ba21;2
a91fb172afcdf40fee5fbd3535523cc58cc42e76;4
aa;182
aaae64978edef0e48034d1c2926d8377317951fa;4
aac;354
aap;1
aapp;44
aar;5504
aax;106
abbackup;2
abbaf0a2d61d2088ac3f1de5f8c121aa6e4fd338;2
abc;2
abi;4
abk;12
abm;4
abr;12
abt;20
abw;1
aby;4
ac;81
ac3;2
ac9a950bc3c595b2b9f1585572445ec5495a1d4c;2
accdb;9
accdt;15
access;60
accft;9
acf;69
acl;181
acm;44
aco;1
acrodata;22
acrotheme;2
acs;20
act;4
actorprefabs;6
acx;16
ad;58
ad28d756b1d13af666ed81011d61ad4796baeb72;2
ad90f46a89ce604b5d55cc057799ebf76b01ef09;2
adb;22
adc;16
adf;108
adm;13
adml;147
admx;9
adoc;14
adr;3
ads;13
adv;40
aedlayout;4
aedtheme;24
af175e34-dac8-452c-b3f7-9ab755a7c3ac;1
afc7207aba1de931691dcc446b35827301cf8225;4
aff;86
affix;16
afm;957
after;4
afx;237
ai;1063
aidl;820
aif;10
aifc;14
aiff;35
ain;1
aix-syms;4
al;253
alb;16
alf;8
alias;40
aliases;5
alt;25
alx;4
am;376
amateras;4
amd64;4
amf;11
amr;4
amz;2
analyticsInitialized;2
andmaz;23
ani;149
anm;1064
annotations;6
annotations_i;6
annotations_inputs;2
annotations_inputs_i;2
ans;6
ant;8
aodl;44
aop;22
ap_;311
apache20;7
api;142
api_description;132
api_filters;6
apk;1746
apl;6
apnx;458
app;44
applescript;2
applet;16
applite;1
appx;24
appxmanifest;50
aps;107
apw;6
ar;1
arbfp1;5
arbvp1;5
arc;70
archive;196
are;8
arealights;10
arf;28
arff;44
argument_inputs;1
argument_inputs_i;1
aria;12
arj;20
ark;111
armcc;21
arr;12
as;3
asar;26
asax;72
asc;432
asciidoc;2
asd;17
asec;4
asf;14
ashLang;589
ashlang;68
asi;1
asis;1
asl;30
asm;262
asms;4
asmx;64
asp;243
aspx;813
asset;737
assetbundle;345
assets;726
asx;2
asz;9
at;807
ath;1
atlas;2
atn;356
atp;208
attr;8
au;1075
au3;44
audible;2
aum;6
aus;16
auto-changelog;13
automaticDestinations-ms;833
autoreg;16
autosave;299
autosave__1;2
autosave__25;2
autosave__26;2
autosave__27;2
autosave__28;2
autosave__29;2
autosave__30;2
autosave__31;2
autosave__32;2
autosave__33;2
autosave__34;2
aux;388
avd;9
avdata;7
avhd;2
avi;317
avj;38
avl;250
avp;39
avr;12
avs;5
awb;4
awk;39
awt;12
awt-am_ET;1
awt-ar;1
awt-ar_EG;1
awt-ar_SA;1
awt-bg_BG;1
awt-ca_ES;1
awt-cs_CZ;1
awt-da_DK;1
awt-de;1
awt-de_AT;1
awt-de_CH;1
awt-de_DE;1
awt-div_MV;1
awt-el_GR;1
awt-en_AU;1
awt-en_CA;1
awt-en_GB;1
awt-en_IE;1
awt-en_NZ;1
awt-en_ZA;1
awt-es;1
awt-es_AR;1
awt-es_ES;1
awt-es_IR;1
awt-es_MX;1
awt-fa_IR;1
awt-fi_FI;1
awt-fr;1
awt-fr_BE;1
awt-fr_CA;1
awt-fr_CH;1
awt-fr_FR;1
awt-gl_ES;1
awt-he;1
awt-he_IL;1
awt-hu_HU;1
awt-it_IT;1
awt-ja_JP;1
awt-lt_LT;1
awt-nb_NO;1
awt-nl_NL;1
awt-nn_NO;1
awt-pl_PL;1
awt-ps;1
awt-pt_BR;1
awt-pt_PT;1
awt-ro;1
awt-ro_RO;1
awt-ru;1
awt-ru_RU;1
awt-sk_SK;1
awt-sl;1
awt-sv;1
awt-sv_SE;1
awt-syr;1
awt-tr;1
awt-tr_TR;1
awt-uk_UA;1
awt-ur_PK;1
awt-yi;1
awt-zh_CN;1
awt-zh_TW;1
ax;507
azw;1338
b;166
b1148c0366ded06eb0021209fad3532ddb9685a9;4
b12c8a585a0657dad771147b6f2fa3efe4fe9bb1;2
b1db2d08-3384-462e-a7f9-7aede9263044;1
b24fbe15daaf23bfab09d3c43cfeaba149d7b4f4;2
b283a6bbfcaf52bd24f53695dfdfc025ddd676b0;4
b29b86874bce7f9fa67061db231f6525a6e02918;2
b2a2ce040da28226335b383e365df10e0f7a35b2;2
b30c3c4acb7d7721080566bf19d4355d86a8e02f;4
b31e03e7ef0b5d8b52b7c4e87c1c5d07c8078458;4
b4fae554-15a5-49b3-9448-93bec9cdb8f2;1
b4t;2
b514a77a224650b45b9fc6a8c78da5107c95f5bc;2
b5feea2457a7999e17650a7e5bc949811bbe13c1;4
b7e2c1ec-ff23-4e1c-a433-e8ec4147dc2d;1
b8bd8394f151c1e19a07524cb3bbbfd423eb5f23;2
b958e655fbc5f87b0a70a530272ddef9d8013448;2
ba_;2
babelrc;7
backup;80
backup_time;4
bak;697
bak-20140923175406;3
bak1;44
bak2;24
bak3;4
bal;66
bank;7
bar;15
bas;350
base64;4
baseref;6
baseref_i;6
baseref_inputs;2
baseref_inputs_i;2
bash;14
bash_history;10
bash_logout;1
bash_profile;12
bashrc;17
bashrc-orig;4
bat;5730
bat_t;2
bau;84
bazel;2
bc;507
bcf;4
bcfprs;50
bch;1
bcsave;12
bcstats;6
bdb;4
bdc3D;32
bdic;24
bdiff;4
bdjo;2
bdmv;14
bdsproj;2
bdt;7
bdtd;4
beans;4
before;4
betaId;2
betwixt;336
bfc;106
bff;783
bfont;48
bgd;1
bgi;3
bgui;149
bhd;7
bib;15
bif;8
big5;5
bik;62
bil;9
bin;21761
binarycookies;2
bindings;18
binds;49
binmesh;72
bitcfg;4
bitmap;4
bitmaps;4
bitraid;2
bk;3
bk2;5
bkg;1
bki;4
bkl;4
bkup;2
bla;13
blacklist;7
blank;1
bld;3
blf;93
blocks;83
bmc;2
bmk;4
bml;1
bmp;25944
bmt;4
bnf;33
bnk;18
boot;4
bor;6
box;16
bpc;1
bpd;8
bpel;8
bpg;16
bpl;23
bpr;3
bpt;21
br1;3
brig;2
brk;84
browser;47
browserslistrc;1
bs;60
bsa;20
bsc;25
bsh;297
bsl;12
bspr;29
bsv;3
btapp;4
btw;28
bundle;5
bundledata;12
busted;2
bytecode;50
bytes;75
bz2;730
c;40302
c05;1
c0f34ce1-bfb9-411d-9ae2-27b18bba8d22;1
c3d;35
c41f9064-4c14-4fc6-ab80-1d14640d06c9;1
c6468366-4697-4c09-b8a5-d9652597ea87;1
c850165db3c799fa09825d44f8052fa9179ecd3a;4
c89c9c39226545ac332e921a9830c712ef10e43b;2
ca;5
cab;2569
cache;1138
cache-3;1
cache-4;1
cache-7;1
cache-eviction-marker;1
cache-use-marker;1
cache_inputs;4
cade;5
cag;8
canvas;3
capabilities;4
capx;1980
car;2
cart;8
cas;42
cat;2610
catalog;1
catalogs;8
caw;2505
cbat;1
cbd;9
cbk;2
cbo;4
cbq;8
cbt;22
cc;503
cc-tst;143
cc78495193f0eeb280a66194c9b109f2637c5ab3;2
cch;35
cci;2
ccm;4
cct;16
cd;84
cda;45
cdadj;23
cdc99f65211b69044a1fff89b98d7553f4d07de4;2
cdda32cab87dcc4932fb7336e3d01d0581d8d7b7;4
cdp;16
cdpresource;5
cdr;16275
cds;1
cdt;1159
cdtproject;11
cdx;118
ce517db9ee6ef603d3ec1fa6f4910e73798428e6;2
cedtheme;5
celf;28
cer;40
cert;8
certs;36
cf;156
cf-firstorig;4
cf-orig;4
cf888aa47a80144155cd1c1310bffbe6dc5f2e39;2
cfe;42
cfeb4ede825875ea3f2ccc61c10d261ec929cbd5;4
cfg;2620
cfm;3
cfs;848
cfu;12
cfx;1098
cgi;56
ch;1
chap;2
charset;7
check_cache;18
checkbuild;4
checkinstall;4
checkpoints;2
checkstyle;52
chf;1
chi;40
chk;830
chm;2418
chq;8
chr;16
chromium;12
chs;6
cht;5
chw;8
cidb;2
cik;153
cipher;2
cir;9
circ;14
cl;16
cla;2
clam;4
clang-format;2
class;421101
class_i;14
class_inputs;4
class_inputs_i;4
classpath;2186
clb;8
clf;3
clk;18
closure-compiler;1
clp;591
clpi;4
cls;84
clt;55
clusters;3
clw;58
clx;11
cly;208
cmake;4736
cmap;26
cmbx;12
cmd;1895
cmderver;6
cml;4
cmm;155
cmmd;155
cmpart;423
cmx;471
cmykInfo;8
cna;8
cnf;35
cnt;422
cnv;33
code-workspace;4
coffee;475
col;9
com;100
com&oh=03f546ed58280416e71ad129783afa25&oe=5D7E08B0;1
com&oh=0409bd69693a753f4a742233f97e19fc&oe=5D783CD3;1
com&oh=0548f13932c4249c356794c826b0c4e6&oe=5D7D44F6;1
com&oh=05800998d87d15616492b54a318b50cd&oe=5DA595B0;3
com&oh=063c50c10ae19636b332b33772c8e477&oe=5EBF516D;1
com&oh=07cdf66fb99fffd3281f77ab2436b99e&oe=5DAEDF41;1
com&oh=0845781130aebe55712af92f755c3731&oe=5EB373ED;1
com&oh=08e6718470e8e17ba4c8f5a3ab4af3e6&oe=5DCDC613;1
com&oh=0a15d8450024ec6372cb999a3a852958&oe=5E3683E5;2
com&oh=0a2aaa37e5dfc7395fa7ddb467cb5ea5&oe=5E311562;1
com&oh=0c43902e025760737156227a394ba841&oe=5DAFE137;1
com&oh=0e43e66fde2a2c413597742c3d4ee6ae&oe=5DD98DF6;1
com&oh=0e8585a24fab608a60849beaf7c5a661&oe=5D6B0DD3;2
com&oh=10a5b31e783d8fb1dead4829fa0deda0&oe=5EBE158A;1
com&oh=13266d409a1f8a19592bc1474d37eea5&oe=5D7E08B0;1
com&oh=1355b5e31e9a8d36e25cdc96c57072de&oe=5D7DF1E5;1
com&oh=140f6fa8dac0ec28c5489b7a74b22379&oe=5C173037;1
com&oh=14d31abf483db8941210ee0d5dea9f31&oe=5D783CD3;2
com&oh=16290bf2b67702bc56e0426990150cbf&oe=5D717D13;2
com&oh=180f9cc46f39eaeb5d8699b37602e642&oe=5DA074CB;1
com&oh=197f4c99fc184f7ed09dd1149e30f015&oe=5CC819D5;1
com&oh=1a5263e253e5d7aa32890c3d9e6f255f&oe=5CB782F2;1
com&oh=1b58114b6a048392e102bb89ce10f19b&oe=5DD530CB;1
com&oh=1b943b82d74614038ff07f1839bc0748&oe=5DA63913;3
com&oh=1cd2cc5bb63965213adc975bc7184e55&oe=5CB46241;1
com&oh=1cf15cdc648387c2b39ecc6ac993f5b7&oe=5DB36813;1
com&oh=1d4dd95c88cb93dc0b11be41463778a3&oe=5C5BFEB0;2
com&oh=1ef4d1976d12007f9a006a847c3f6874&oe=5D8BDB13;1
com&oh=1f038c4cc5749e38d0047b8a93588eaf&oe=5D97CAF0;2
com&oh=239a44ce53e2d94e681ab84f723d2501&oe=5E3179CB;1
com&oh=241fa1158a817ed69d83df01210b4abc&oe=5DDA3AE5;1
com&oh=247dd2cbd940e1927ce57fb8de248f48&oe=5DAEDF41;1
com&oh=256e11b8ee69929336ec5dd89b48870d&oe=5DE39B41;1
com&oh=26c63d7819147d6eda17c34b25dfbaf7&oe=5CB39E22;1
com&oh=285b3c3b95566be6c372d293084738a2&oe=5D7015F6;2
com&oh=28ab12c6ea4f8267fdc4711c592d8761&oe=5EB3F235;1
com&oh=28ff4ca68257cf2f35cbab3efad685a9&oe=5DB200F6;1
com&oh=297806a03a9f7ec7ddd98549408726b4&oe=5D984FE5;1
com&oh=2bdb938473f828b05a6be2591f8f4abb&oe=5CB5D978;1
com&oh=2bfab0dba911b7c523ba4fd29ed72edd&oe=5BFD2F01;1
com&oh=2d970f6a1933376998d76519f81de549&oe=5D7DF1E5;1
com&oh=2e22244b821c1be86b6bf60fd3eb63a8&oe=5D7B2537;1
com&oh=2e45de956d5a5121e66039fe5cf1831d&oe=5DC801CB;1
com&oh=2e865de8a99ed01024b59a67e2b4a104&oe=5DBFDCE5;2
com&oh=2e90abf31ffff114b0574deeee16e2c0&oe=5D70D9B0;2
com&oh=312e1af70bca28ba04a2bc61f72bf3d7&oe=5DBAD2CB;1
com&oh=31e78ec29899a101ce04554ba009db68&oe=5DC63087;2
com&oh=355163c32ece9bce0a64bd9b450589d4&oe=5C6F6A87;2
com&oh=35bc6084314901372262d7fd5639153d&oe=5D7A2341;1
com&oh=36b9115eae97a068dcce93b8247d2b91&oe=5D703DF0;2
com&oh=3ac08cc986091a0fdd8d877fcaafc377&oe=5DD530CB;1
com&oh=3af8088af3145351be9fe5695c42bd3e&oe=5D885437;1
com&oh=3bca6e626beed19603779ee5596b9e5d&oe=5C3471B0;3
com&oh=3cba32c5280232641b5d3fd89f88a004&oe=5EB42E1B;1
com&oh=3d459ab841b84c65bac94e4cc0e6b4cc&oe=5D7015F6;2
com&oh=3f7ac82d62a33a7cd0199165365fa9dc&oe=5DA63913;1
com&oh=410d355a355f611985a4128f597b8c73&oe=5CB77AD1;1
com&oh=41d985f04c597096733b765b587a3344&oe=5DB36813;1
com&oh=43180a0c9185823585662bcd2da70126&oe=5C3AAE87;2
com&oh=438f2100704a265e745d52f2d8fb7458&oe=5CB4C44B;1
com&oh=43ef79eef63a28b39b493bc78feb4b2c&oe=5DBD1037;1
com&oh=443b464c16281ae9819c5e37d114f90f&oe=5D97A2F6;1
com&oh=44415215c536766502c8a014ed6d58fc&oe=5D990A13;1
com&oh=473e1895ce96a054d3e98ad2c38adfc2&oe=5C654841;1
com&oh=48b335d43b93dc6a4ddbeaa0242a3c8f&oe=5DB2C4B0;1
com&oh=48e4a74970983dcf2f04e83f21865db3&oe=5DB2C4B0;1
com&oh=4ce18455a87d8ec0634d03ec94e86624&oe=5D9FC9D3;1
com&oh=4d08e793581ccdef77428da71a64c6e9&oe=5CCB2079;1
com&oh=4d79c0463a405a297fcf3efac2a56f02&oe=5E3B0C68;2
com&oh=4f8bf8b677fe26d3119668b1eeb26d42&oe=5D3C1DB0;2
com&oh=4fb81dbae63dd5c1109ad20910de4be5&oe=5DBF2FF6;1
com&oh=4fdd0ed5a52cf270e707cd633fd85250&oe=5DE780B0;1
com&oh=504a79c4c6e0ebb8ef4c76e7c75b8022&oe=5E5D63F6;1
com&oh=5219d68db8134cd11919d6f13c133887&oe=5D70C2E5;2
com&oh=52c6495c217846b1e6ca2ac70135ff3c&oe=5EBC831A;1
com&oh=53836ac148baaa35a8e4822739a2019e&oe=5DCD22B0;1
com&oh=54663c1a7843b32acfa1b7585f6d5c1d&oe=5C6891F0;2
com&oh=58941cf992360031ce17715a26cc1a22&oe=5DD485D3;1
com&oh=58bbe6da4332bd9c36a9c2516c73dc74&oe=5DBAD2CB;1
com&oh=58ef59318a653ba8b6628fd78c260198&oe=5BEFA337;1
com&oh=590e0280fff5e49b67232eb9c8373cb2&oe=5D3CC113;2
com&oh=5b0cb1fe55ef9d07c7e5d09c2e4cb1d5&oe=5E30CED3;1
com&oh=5bd0fb2779d6ee486cc9caa25f722fd6&oe=5CB6E86E;1
com&oh=5d07aab1210d2af1dc1033e879817c45&oe=5DBA27D3;1
com&oh=5d165c195bae107f9ed77410dbfe5f9b&oe=5D917487;2
com&oh=5f12b355ef2526ba1ecba645ced55995&oe=5DAEDF41;2
com&oh=5f6766746248d7dedb1deb13fdfdf9a5&oe=5CB39C36;1
com&oh=607cabb8de4a62ef5aa2a83ad79b9ed1&oe=5E239FD3;2
com&oh=60d622a15ffee001b0bedf3391cef739&oe=5E5ECB13;1
com&oh=622b42d53cbf73026ae0b5ab38ec110c&oe=5C692DB0;3
com&oh=62ef1002d55d09cb2de80aae13e858fb&oe=5DC09713;1
com&oh=6310c164cd72c664ea5baf39329e7a25&oe=5DC93D41;1
com&oh=633281c8a4027ff43fec6c19578f68fd&oe=5DE6BCF6;1
com&oh=63b16d840756b8231725483c4c0720bb&oe=5C308C41;1
com&oh=64b974f16e9b83dd467268c16b7276fb&oe=5DADA3CB;1
com&oh=655c725cce37516a3afc77f8cc1adf6a&oe=5E3683E5;1
com&oh=66439eb94984ffc373d899043f25b78e&oe=5C41A0B0;1
com&oh=66a991a862f6594643f2e7cda20a558d&oe=5CB2E71D;1
com&oh=6c2a1be49aa747b73e44ca37d6ed554d&oe=5DD98DF6;1
com&oh=6c7dc9ef3e3ae4695d3480afcfd8b9b5&oe=5D70C2E5;2
com&oh=6e628dd6897e23268ec59ca1b42deb19&oe=5DD66C41;1
com&oh=6f6d71b35d407ecace7b1aa578746b12&oe=5DB2ADE5;1
com&oh=708f7dd043e7abe9df9b704725d6d16f&oe=5DE25FCB;1
com&oh=719b4136638643d742a6cbf6ef9cf5ab&oe=5D3B59F6;2
com&oh=7201df7e987fda0066935905f6b00c31&oe=5DBC0E41;1
com&oh=726635c3746410210c966e9e6a4fbdef&oe=5DB36813;1
com&oh=72ee53c8fadfe2e9c84771ec5027b217&oe=5DA57EE5;3
com&oh=74809f6c468105c4be84bf869d743294&oe=5E5E10E5;1
com&oh=76edd9a8b7d0d560267141528c62f37b&oe=5CB56437;1
com&oh=77ae790af688586586be516733ecf66e&oe=5D8616CB;1
com&oh=77b9309de8dd18ca759c2e6c99a10d99&oe=5DDA51B0;1
com&oh=77e3f989f70ab69a559a5bdbb3dd8e8a&oe=5CB5C32D;1
com&oh=77f00d50ef20500dd90de416bd8c8c0f&oe=5DDAF513;1
com&oh=7a95cb44309f4f79da2eaa2812983f39&oe=5D6BB8CB;2
com&oh=7ab67eb47d774ca5541ada8a84a4ea5c&oe=5D948141;1
com&oh=7afdb262438d4b14bf7c322c92307fe8&oe=5DA1B041;1
com&oh=7bb919539054c95b52772d9eacb7a572&oe=5DBC0E41;1
com&oh=7f322d3867a6a9f0f49fb5d0ca88ec1c&oe=5E2B8BE6;1
com&oh=7f69fb421e66f160c771e0ae8e1955dd&oe=5D875241;1
com&oh=80b29f7ecd3e3be1ad5880ff0ccd30b1&oe=5CCB036E;1
com&oh=810d83136befc901f70b97004ce2027e&oe=5C245F37;1
com&oh=81515b350e4bf400fde02bcea9dd11e0&oe=5DA2B237;1
com&oh=8154d3ab880c406497577cc4f88c7be2&oe=5DCC5EF6;1
com&oh=825286c443f86e171de5ba33b3f0f42f&oe=5C2742B0;3
com&oh=83142449512bb77d729fadfd64f6e1cc&oe=5C235D41;1
com&oh=8353d2ba177c278c9d2b920d7f63fa8e&oe=5DBA27D3;1
com&oh=84b36049404b7cb19ca0c7db4f760b62&oe=5D7D44F6;1
com&oh=854a2de015fbfebe34db392e2ac99737&oe=5DE82413;1
com&oh=880eff4ab91a28192853afe56fcd3bf3&oe=5DBFF3B0;1
com&oh=889bfdd5e10dd0f40a9ded6c6b757dff&oe=5DCD0BE5;1
com&oh=89e68b6d960ad0ab5bea8342aae6ba2c&oe=5CB59BF3;1
com&oh=8a780f785e8724c9ce68c0d47877f3ac&oe=5D8A9BF0;2
com&oh=8bc67d58be5c902a97060d029cba7a40&oe=5E585BD3;1
com&oh=8cdfd92233378ea44e374c3533803401&oe=5DD485D3;1
com&oh=8fa0a7473bfe88459442cb471fdd6650&oe=5C26A6F0;2
com&oh=917f552bf1652515ba9d7ee992e2de4b&oe=5DA1B041;1
com&oh=92422d40b3ea577ac37482c276c27b79&oe=5D78E7CB;2
com&oh=93b1c752c49a0fa024b371818486acb5&oe=5DBFF3B0;2
com&oh=9543bcd27e1b5d50afc7dc8d02b372f4&oe=5D856BD3;1
com&oh=9642497f8f3fbaf106f07912597a9ee3&oe=5DE769E5;1
com&oh=96f83ea67acfdcb235a6b5bb79e354b4&oe=5C664A37;1
com&oh=98a6ce1ae216f4f58ae5801c25b0b42d&oe=5BFCD237;1
com&oh=99783047886409960e7c0ad0d378f2f9&oe=5E35D6F6;2
com&oh=9aa1254d8b28514fde97653fffec20d1&oe=5DADA3CB;1
com&oh=9daea9fc20cfb11a26a97d0ee6a1e024&oe=5EB3051E;1
com&oh=9dd209f9a5a2d8c0696cae8375bafff9&oe=5DB2ADE5;1
com&oh=9e38c66680bba50c188b1e40b4a56494&oe=5DE49D37;1
com&oh=9fc71121fa2b4a9ba9ae04d794a8e8c5&oe=5E373E13;2
com&oh=a005625efe3ef8f76545a9523670af55&oe=5D929AD3;3
com&oh=a0f6d997b6c5ca3aea4fb7d7d96391bf&oe=5E1B78F6;1
com&oh=a26d912721ee30dd4ee78885d831c70d&oe=5DDAF513;1
com&oh=a41e496e22f5ee8cf9fca461f1fbe38c&oe=5EBE43E9;1
com&oh=a50fe41523202ea5686441f0172838de&oe=5D783CD3;1
com&oh=a5a4aa15b75a1333045ad14b1ea41f03&oe=5DBF57F0;2
com&oh=a5d27ba976632de1e5c9b631c4839227&oe=5EBC171B;1
com&oh=a6310639c09d270bdc13f2f8ca6dc9b4&oe=5D6BB8CB;2
com&oh=a6407a118e597922749b71e049c946d1&oe=5CCC09F2;1
com&oh=a69ceff7455dadf7db14749473163705&oe=5D97A2F6;3
com&oh=a855324b4f0aa175caed06a8fc586ee7&oe=5E16B762;1
com&oh=a89c5f6094aeb3fd95a7504a06a4be01&oe=5D7A2341;1
com&oh=a935b0dd89243b337375f6a9d064289a&oe=5D8B37B0;2
com&oh=ad3a18df23a51e033f18273aa6d48c76&oe=5DDA51B0;1
com&oh=ad6f450dddb04c792533f7f16bf2888c&oe=5C318E37;1
com&oh=ae9f5aa8c789eef69abf706fef20e0b2&oe=5D8B20E5;2
com&oh=afa0289b4e35a7c3524d9faacd079e2d&oe=5C3DBB41;1
com&oh=b1318fb565f5a919423172b8b61cf1dd&oe=5D7EAC13;1
com&oh=b2add7d7aed781e8ee9a63e859f4aff0&oe=5E171BCB;1
com&oh=b6500e9069b71fd7343ae9d1bf818670&oe=5EB5EEAD;1
com&oh=b7403ace5defaeb129c5ef2493b1a24d&oe=5EBEE29E;1
com&oh=b75311b3b0f7fd647ae4e81ce650bc20&oe=5EBDD7AD;1
com&oh=b77531871ffc5943b24f8134226bd147&oe=5D70D9B0;2
com&oh=b7c8d3f5dbd8309db53ecbde46dbaadf&oe=5C3EBD37;1
com&oh=b8283f01fc91ff74cf142791e9776489&oe=5E373E13;1
com&oh=b88f8f443bb172ed005b2e289bf96203&oe=5E35D6F6;1
com&oh=b976653e8ac0fad088ae61480df59950&oe=5DB2ADE5;1
com&oh=b97df68a6f72a16c357d90c823a0c6eb&oe=5DACF8D3;1
com&oh=b9aebd267f3761a903453b56772103ee&oe=5D29CDCB;2
com&oh=b9d018990ddcf39fdad3a4d8a02602e5&oe=5DAFE137;1
com&oh=ba29c568020574bb458cc6b8928cd332&oe=5DBF2FF6;2
com&oh=bb4beb6a4d814141b0af94d32fb73abe&oe=5DA595B0;1
com&oh=bbceb9e1417566c37e378aab82463d39&oe=5E244ACB;2
com&oh=bbeda4929c626b640458277fdae91d40&oe=5D425A87;2
com&oh=bbfec2a6a86fe6ce1bec5231ebc84c7b&oe=5DDA3AE5;1
com&oh=c1974dc0e6002cff8212fa0ea2c8a4e0&oe=5E58A262;1
com&oh=c1a2a30b416a55761877ad564199511e&oe=5E1C25E5;1
com&oh=c5edc3435219c2f195df7b93d0665d9b&oe=5DA4D1F6;1
com&oh=c689214854140251b41208b6ac9442b0&oe=5DC756D3;1
com&oh=c6c09aaac0c39eaf9e11b0e4839c69dc&oe=5E1CE013;1
com&oh=c6e6a6a926d617998ddcc5ec724a4c9a&oe=5E38BAE6;2
com&oh=c7ba032028b2208cbdfaea53c4ff59af&oe=5D717D13;2
com&oh=ccb6102471a1baa3ed2bc04dd64aac84&oe=5C2D7F87;2
com&oh=ccd9a83614d46de2895b3d942d2f322d&oe=5D6B0DD3;2
com&oh=ced8c3eca38650fcc4ba162dd6d33336&oe=5D844587;2
com&oh=cef5df64b2c754a79cd32f8728051986&oe=5D78E7CB;1
com&oh=cf83c4ef8194629436fdbd74244f9190&oe=5D3C06E5;2
com&oh=d04930a3aa53252103b216eed452964d&oe=5CB4E913;1
com&oh=d15dd2159b17eacd5d59a82dcdfd4259&oe=5DCA3F37;1
com&oh=d318d7ed835603119f367e44d91a88cd&oe=5DBD1037;1
com&oh=d537a6d47e97e1b96c67661557bf6b13&oe=5E1670D3;1
com&oh=d6344bcf5db49104468e890d8768b215&oe=5DABD287;2
com&oh=d7260d3be39f54fcca47c948c7c26670&oe=5DA57EE5;1
com&oh=d813f04796b2d9c0f091c9ed9d38d7b2&oe=5D78E7CB;1
com&oh=d98bb4a5037e4f2cf8bd03847e037772&oe=5D7B2537;1
com&oh=db60a11c2312be399d4d007badfa5c96&oe=5CCB6A90;1
com&oh=dba1d04b77b6fd9b454d6b9d406578e8&oe=5E5906CB;1
com&oh=deb88f48f26c4e81f9fb00c615bd8035&oe=5DB200F6;1
com&oh=dfd0da372c4f692cb161104d59f6f365&oe=5DBFDCE5;1
com&oh=e0e025d77870d5cb1668a4e01b1892f6&oe=5DB200F6;1
com&oh=e1a19eacee5fdd31463f8a9d91313799&oe=5D9866B0;1
com&oh=e30113860a3aaa68720795f7c448a9f7&oe=5D958337;1
com&oh=e33039a3e72b77fa1fcd74e1a2caf307&oe=5DC09713;2
com&oh=e59f33afa5b349a5557ead7484b04cec&oe=5DD76E37;1
com&oh=e7f89afc4ffb09902b50c3da63562039&oe=5E311562;1
com&oh=e8bfa9952f672bef60f356705860b583&oe=5DA2B237;1
com&oh=e91c6768a493b15a34da994e52ea5663&oe=5DB2C4B0;1
com&oh=ea142cadbee1ecb8e9326bbdf0b46156&oe=5D2922D3;2
com&oh=ea43c9c50b1c88feb453a059c24c51e9&oe=5C623B87;2
com&oh=ebe798be6d95ad3be243be6a2279a100&oe=5D9345CB;3
com&oh=ec775801d144802e9260ea4fa76bf93b&oe=5CC576B0;1
com&oh=ef5d172d11ebd6b94733e3ef6bedfcb8&oe=5DA074CB;1
com&oh=f08ed693cb645eae7009689201ce7227&oe=5D9FC9D3;1
com&oh=f101f9ad7f9582ae6dcef1a11f704207&oe=5DACF8D3;2
com&oh=f25ce58400dde78f168959b7dcf21249&oe=5D703DF0;2
com&oh=f474e220e33b3681182d7ff73650ee05&oe=5C5B62F0;2
com&oh=f6750a0aeefa2eebac29f75d9e5a2708&oe=5EBFCFB5;1
com&oh=f68ad015444d90f111e1713b2c601a8b&oe=5E3AC797;2
com&oh=f6e9afda831376abe4c7262c000b987b&oe=5E1C9C17;1
com&oh=f84017c7f6a1271f3bb41a91e4210d1c&oe=5D8A73F6;2
com&oh=f840e37e0b582f62b4a3b0b7d14bab27&oe=5D844587;2
com&oh=f905509f68aa0433497a3468eb4975df&oe=5D9FC9D3;1
com&oh=fd3cc0d3f00ae3ddaa15f087ee6ed17d&oe=5DF1CC37;1
com&oh=fe20cc2bb80fc7c1a6422620d064ba6e&oe=5D3B81F0;2
com&oh=ff2572894c92e1813574e089ad7a4267&oe=5EB62C8A;1
com&oh=ff4fd02ca27a798fe6a570c753ecef92&oe=5DADA3CB;2
command;3
common;2
compiled;14
component;150
component_i;4
component_inputs;4
component_inputs_i;4
condarc;1
conf;2053
conf-before_ssl;4
conf-firstorig;8
conf-jk;4
conf-jni;4
conf-orig;12
conf2017;5
config;1303
config_tu;4
configurationchanged;2
constants;6
cont;14
contact;7100
container;195
contrib;3
control;244
conv;1
cookie;9
cool;2
copiedStateFiles_Marker;28
cov;20
cover;11
cp;8
cp-1251;4
cp1250;6
cp1251;1
cp737;1
cp866;4
cp_;6
cpa;10
cpd;527
cpf;75
cpg;96
cpi;4
cpj;4
cpl;2387
cpp;45155
cpp-bak;2
cpp-orig;2
cproject;12
cpt;1727
cpx;16
crb;3
crc;12
crdownload;4
crf;3
crl;2125
crmlog;4
crt;4999
crtok;3
crv;170
crx;14
crypt12;36
crypt8;18
cs;4134
csa;7
csc;5938
cset;26
csf;2
csg;26
csh;68
cshtml;12
csi;26
csl;88
cso;33
csp;67
csproj;316
csr;16
css;25251
css_t;24
cssmin;2
cst;77
csv;2823
csw;18
csy;1
ct;4
ctf;112
ctm;187
ctrl;14
ctt;1976
ctx;6
ctxt;20
ctypes;28
cu;317
cub;10
cue;22
cuh;279
cup;4
cur;781
current;10
customDestinations-ms;312
customUI;6
cvd;76
cvr;61
cvs;12
cvsProviderState;12
cvsignore;1773
cw_;4
cwf;4
cxt;16
cxx;274
cygming;1
cygwin;5
cz;1
d;40
d06ec57e57144200954bb08b6dc529131138cbb8;2
d29db08a2cfdb64ff69bc123c7d0153d48ed3f49;4
d2f5bf43de33afcde296c2284ac8390bda3d2cbb;2
d2v;2
d36d3b162c6bd0165b465381540e478604cbac43;2
d49b14c0bd68af85b30e1b418faf8dbdf7b66363;2
d5cf2446330adf2cb3bc5deefbc2fff1805d9715;2
d70ae9eef9a3cd687472371f59fb5cf7af6b422a;4
d9347d7c159b9903d8e7b271476403589e1ced84;2
d95bdfa125113c4616e0f9964e079e38273dc01b;2
d9aaf1e184cb3ddb29f840559837f7c2045bff06;4
d9ac154e8540c6d77e41dc259f3c109144365aab;2
dLL;12
da;1
dae;26
dan;1
darwin;1
darwin-ppc;1
darwin-universal;1
darwin-x86_64;1
dat;20080
dat-shm;1
dat-wal;1
dat64;5
dat_i;36
dat_mcr;118
dat_ok;3
dat_old;169
data;181
data-shm;4
data-wal;4
datasource;628
db;4029
db-journal;64
db-shm;45
db-version;2
db-wal;48
db1b430e3fdbd403c43d415572a817ba1648ca0d;4
db23bc95-44b1-4814-8cb9-687c3f593687;1
db3;13
db_;220
db_staged-for-deletion;1
dbae2ddbee1f20c377b581cf7a2fb70776e0c55d;2
dbbb1d40efeb7a04cb843b116d88d8385de8eb3f;2
dbd;24
dbe;6
dbf;266
dbg;8
dbi;24
dbk;4
dbl;20
dbout;2
dbt;15
dbusafe;2
dbx;2199
dbx-shm;1
dbx-wal;1
dc710432f04f60005e471fb650863d02c6b0bdcc;4
dca9e052ff4225669a0912f36e709041aafd77e5;2
dcp;1680
dcr;92
dct;47
dd;2
ddat;3
ddc;3
ddd;115
ddf;62
ddf4ec4357ba61a18cbd5eb3253c62d7c8d98537;4
ddl;314
ddp;1
dds;3466
ddsh;1
ddt;72
de;23
de-DE;29
de8bd49a3641c2cd9fcc5a236c1eb74c856b115a;2
deb;20
dec;1
decTest;1144
declarations;2
declarations_i;2
declarations_inputs;2
declarations_inputs_i;2
def;732
default;43
defs;45
del;233
dem;74
dep;4
depend;8
deployer;4
deps;6
der;7
des;56
desc;228
description;4
desktop;33
deu;44
dev;3
devhelp;6
devhelp2;19
device;4
devicemetadata-ms;11
dex;5102
dfPackage;44
dff;556
dfl;4
dfm;37
dgn;14
dgsl;24
dic;349
dict;60
dictionary;174
did;58
diff;24
diffbase;1
dii;4
dinfo;3
dip;8
dir;44
directory;13
dirhtml;2
disabled;18
disco;28
discomap;4
dist;203
diz;23
dj2;3
djvu;120
dk;4
dl_;276
dlc;4
dlg;40
dll;76105
dll-mitssl;4
dll-ohnessl;4
dlr;32
dls;9
dlstrings;1
dm;2
dma;136
dmc;2
dmd;2
dmg;8
dmp;784
dmsk;3
dnl;4
doc;39743
docm;4
doctest;240
docx;4664
dof;50
dom;4
doms;28
donotremove;4
dos;3
dot;260
dotm;23
dotx;89
down_data;86
down_meta;219
doxyfile;25
dpn;31
dpp;10
dpr;91
dr_;5
drc;33
driver;4
drl;12
droid;15
dropbox;15
drv;128
ds;12
dsi;5
dsk;6
dsld;30
dso;18
dsp;469
dsv;32
dsw;375
dta;98
dtd;6266
dub;16
dummy;5
dun;439
dvi;20
dwr;4
dwt;4
dxf;12
dxp;20
dxr;44
dxt;8
dxt1;8
dylib;52
dynamic;10
e0159d9c-d3b7-4a66-bbcf-d8c859da0a8e;2
e02bfb8d6069f036bb3637b8fcf4f99ae145bc6e;2
e1b7c52c9acea8f5fec7720cee181f3d527042ee;2
e2x;12
e4xmi;35
e5eb5f956a1ddab856987cb7ecab59e69d2072b6;2
e7314494e0af205af3e190cbb95b79dd74a4f5d7;2
ea0a3e1a30e2d274a783eeb8cb274125c5be1484;2
ea83e72222138f1c41f104d339b3b85a4ad0fa39;6
eap;164
ear;745
ebb195d3-16c6-4b51-8108-0f7bc71488fc;1
ebookdownloading;3
ebp;416
ecabb097f865b69d8d8091cfc0eb9160fb0149fa;4
ecb;216
ecf;4
ecf2ee2d-51f5-48bd-a8ba-455ad39474e3;1
eclipseproduct;93
ecm;2505
ecore;104
ed79b018309598748858271c36af0835ae973825;4
edb;125
edgelist;8
editorconfig;384
ee;12
eeedb805601f5e9deafa3cf1f882958bdf02d21e;2
eep;12
efb;70
efi;4
eftx;14
eg;2
egg;14
egg-info;115
el;73
elc;3
elementClass;6
elementClass_i;6
elementClass_inputs;2
elementClass_inputs_i;2
elf;23
elist;4
emf;522
eml;90115
empty;21
emulator_console_auth_token;2
emx;6
emz;4
en;7
enc;5113
encmaster;2
end;23
eng;4
engine;8
ent;331
enu;12
enum;15
env;38
environment;36
environment_inputs;4
environment_inputs_i;4
eo;1
eopc04_IAU2000;2
eot;301
epd;78
eps;291
epsg;4
epub;7
err;73
error;2
es;7
esc;12
eslintignore;145
eslintrc;709
esm;6
esn;12
esprima;1
ess;171
et;5
etag;20
etl;499
etlgz;3287
euc;3
euc-kr;4
ev3;101
ex;4
ex_;92
example;41
exc;36
exd;5
exe;25654
exec;2
exlog;1
exo;344
exp;131
expected;207
expression_inputs;5
expression_inputs_i;5
exr;33
exsd;6249
ext;8
extensions;28
external;8
extlist;6
extlist_i;6
extlist_inputs;2
extlist_inputs_i;2
extra;108
exv;4
f;59
f0;4
f0161334c7a30b813019b9c0b5672202b3f7eb5b;4
f03;3
f04;3
f06;3
f08;27
f0eab61f-0330-40fc-a684-0ca742725ebb;1
f1;4
f11;3
f12;3
f14;24
f19;3
f1a3884f-8e6f-4538-9f88-54115526cef9;1
f2;8
f2py_f2cmap;11
f3;8
f32;3
f3754cde-bcf2-4364-864c-ccc17ce70c39;1
f4;8
f450ca1abbdad602d92c89eb42e9a2a5f042c013;4
f5;4
f6;4
f6c42b072db0806b2c1038da76c5fee2349f0add;2
f84ef7db412ef4eda7666e6bf108db832f1b1ef2;4
f90;309
fa79ac81528bca0edec90cd34fceb0c322f89704;2
fab;1
fabpf;493
false;8
farconfig;4
fatjar;152
fav;22
fb2;1
fbeb4a6e9f02dec92bf787111a4e15ed162b9930;4
fbl;26
fbprefs;23
fbx;9
fcgi;3
fcs;60
fda;216
fdb;39
fdb7bde296533bcd8c53c2bb463a721ad3849af8;2
fdt;200
fdx;200
fe295fbbaf2ca8c81a85bf1601ee8ea591d3382d;2
fe8ad3c59333c13b1ccdc25e729c4dfa374cecd4;2
feather;2
fedora-mingw32;1
feed-ms;5
feedsdb-ms;2
fev;1
ffa;567
fff;8
ffl;4
ffm;3330
ffma00872;2
ffma01880;1
ffma12500;2
ffma13752;1
ffmb01880;1
ffmb13752;1
ffmc01880;1
ffo;4
ffp;21
ffpreset;20
ffx;4
fi;1
field;2
field_i;2
fields_inputs;5
fields_inputs_i;4
fig;113
file;14
fileTable;12
fileTableLock;236
fileTypes;8
filemap;4
files;6
files374561212356063838marker;2
filesinfo;4
filter;25
filters;1091
fin;66
final;4928
finals2000A;2
fingerprint;81
fio2007-config;1
fis;6
fish;27
fits;84
fla;3
flag;1
flags;35
flake8;1
flat;8064
flatbuffer;3
flcache;3
flex;4
flg;1
flm;5
flow;48
fls;42
flt;1396
flv;96
fml;28
fmp;17
fmt;65
fnd;1
fnm;198
fnt;50
fo;4
fo2pdf;4
fol;77
fon;1160
fontified;2
for;1588
forms;131
fpi;2
fplshader;11
fpp;15
fqn;18
fqn_i;18
fqn_inputs;6
fqn_inputs_i;6
fr;7
fr3;12
fra;12
frag;108
fragment;38
frameworkxml;6
frd;8
freebsd;5
freq;18
frm;1849
frq;189
fs;220
fsa;5
fsb;58
fsc;162
fspro;2
fst;4
ft;60
fth;31
ftl;1583
fts;4
full;12
function;6
function_i;2
fx;8
fxPS_3_0v21;59
fxb;23
fxcfg;14
fxh;2
fxm;10
fxml;30
fxo;1
fxp;16
fxs;4
fzb;2
g;51
g4;17
gam;1
gamestats;3
gb2312;4
gbr;13
gc3fs;3
gcc;40
gch;6
gdf;16
gdp;28
gdsl;10
gen;438
genmodel;52
geojson;2
gephi;14
gfs;210
ggr;80
gi;2
gid;4
gif;193013
gih;7
gir;50
git;17
git-credentials;1
gitattributes;141
gitconfig;4
githook;2
gitignore;587
gitkeep;25
gitmodules;43
gitreview;2
giy;3
gla;30
glade;2
glb;16
glf;12
glfx;65
global;2
globalIgnores;8
glsl;103
glslesf;10
glslesv;10
glslfx;23
glsllib;2
gm;34
gmk;1115
gml;66
gmo;104
gms;13
gmx;374
gmz;12
gnome;4
gnu;5
gnumeric;1
gp;3
gpd;5
gpg;53
gpk;66
gpl;59
gpr;3
gpx;32
gra;4
gradle;5306
graffle;24
grammar;8
graphml;4
grd;4
gro;144
groovy;2160
group;72
groups;1
gs;2
gsb;32
gsf;128
gson;32
gsp;4
gthr;5
gtk-bookmarks;2
guess;12
gyp;21
gypi;23
gz;1787
h;191547
h16;4
h5;371
h5import;1
haiku;1
hairy;4
handlers;18
hash;8
hashkey;2
hbs;12
hcl;1
hcom;3
hcp;1
hcustom;1
hdb;17
hdll;28
hdmp;15
hdr;2834
hds;9
he5;2
header;8
helpcfg;2
heu;59
hex;633
hfp;132
hfpl;7
hh;1
hhc;2
hhh;4
hhk;38
hhp;2
hi;12
hidden;46
hierarchy_inputs;1
hist;14
history;1352
hkf;4
hl_;44
hlf;16
hlo;134
hlp;959
hlsl;128
hlsli;1
holger-preiss;4
home;15
hosts;4
hotreload;1
hp;4
hpp;69223
hprof;2
hps;223
hpux;4
hpz;84
hr;2
hsh;6
hsql;76
hst;22
ht;40
ht_;216
hta;5
htaccess;444
htaccess2;7
htaccess_AUS;2
htaccess_aus;2
htb;1
htc;23
htgroup;4
htm;23683
htm1;6
html;291848
html-alt;18
html-old;4
htmold;6
htpasswd;35
htpasswdFHD;2
htpasswdPHD;8
htt;35
hu;3
hwl;9
hxc;2
hxd;8
hxk;4
hxl;1
hxn;34
hxt;2
hxx;21
hyd;18
hyn;29
hyp;8
i;3
i386;4
iaf;157
ibd;332
ibm;4
ibt;11
icc;154
icf;1071
icl;5
icm;391
icns;89
ico;4684
icr;45
ics;22
icu;40
icw;12
id;64
id7;2
id819;2
id822;2
id826;2
id840;2
idb;190
identcache;2
identity;14
idgen-attachment;12
idgen-comment;8
idgen-workitem;12
idgen-workrecord;8
idl;2542
idt;1260
idx;2801
iec;4
iestore;4
ifx;567
ignore;18
ignore-me;98
igpi;19
ihtml;8
iix;15
il;28
ilex;122
ilg;64
ilk;78
ilstrings;1
image;4
images;698
ime;4
img;302
imgs;3
iml;167
imm;27
immodules;5
implements;2
implements_i;2
importorder;2
in;678
inUse;7
in_;5
in_out;4
inbox;1
inc;1722
inconsistent;4
ind;38
index;12137
index_i;42
index_inputs;85
index_inputs_i;59
inf;8563
info;15357
info-1;7
info-2;7
info-3;4
info-4;4
info-5;3
info-6;3
info-7;2
info-8;1
info-9;1
ini;27453
ini(alte nummern);10
ini(orig);4
ini-disabled;12
ini-dist;8
ini-recommended;8
init;4
ink;12
inl;908
inn;148
ino;120
input;23
input_i;15
ins;22
install;444
install-log;16
instance;9
int;16
intel;4
inter;16
interp;1
introspection;2
inuse;4
inv;2
inx;247
iobj;6
ion;44
ipch;4
ipdb;6
ipp;913
ipr;4
ipsw;2
ipynb;190
iqy;16
irc;3
irix;1
irl;1
irs;1
irvol;640
irx;2
isa;15
ise;1
isk;12
isn;14
iso;143
iso-ru;4
iso2022-jp;4
iso8859-2;12
iso8859-8;4
iso9;1
isp;20
isql;8
iss;82
ist;2
isu;28
isv;8
it;7
ita;12
itdb;10
itemdata-ms;3
ithmb;8
itl;7
its;6
ivd;28
iw;12
iwl;3
iwprj2;3
iwr;4
ix;11
j;8
j2;2
j2k;4
jFlex;12
ja;89
jad;336
jam;1156
jameica;6
janet;4
jar;84291
jar-NOTICE;40
jar-orig;2
jardesc;25
jars;20
jarv;240
jarxxx;8
java;634801
java-cvs;8
java2;4
javaxxxx;8
java~;16
jav~;4
jbf;4
jcp;10
jd;6
jdf;8
jet;9
jfc;30
jfm;78
jfr;6
jj;20
jjt;32
jks;46
jmk;244
jmod;402
jnilib;43
jnlp;126
job;4
joboptions;24
jos;14
joz;10
jp;2
jpa;80
jpe;10
jpeg;1830
jpg;459583
jpn;1
jpr;48
jps;114
jpt;448
jpx;210
jpx~;4
jres;163
jrle;4
jrs;242
js;214045
js-20141105223254;3
js-20141113143407;3
js-20141126041045;3
js-20150108202552;2
js-20150122214805;3
js-20150222232811;2
js-20150305021524;3
js-20150319201009;2
js-20150320202338;3
js-20150402191859;3
js-def;4
js_t;10
jsa;28
jsb;4
jsbeautifyrc;4
jsc;2
jscsrc;44
jsdtscope;55
jse;1
jsfdia;15
jshintignore;2
jshintrc;221
jsm;183
json;61074
json-tmlanguage;2
json5;8
jsonl;2
jsonlz4;471
jsonlz4-20180128191252;1
jsonlz4-20180206200532;2
jsonlz4-20180621125625;1
jsonlz4-20180704003137;1
jsonlz4-20180807170231;2
jsonlz4-20191016161957;1
jsonlz4-20191030021342;1
jsonlz4-20191202093317;1
jsonlz4-20200117190643;1
jsonlz4-20200217142647;1
jsonlz4-20200309095159;2
jsonlz4-20200403064753;2
jsonlz4-20200403170909;2
jsonlz4-20200507114007;1
jsp;7046
jspf;272
jsproj;2
jspx;473
jst;946
jstest;16
jsx;3
jts;8
jtx;36
jude;8
jws;44
jxr;3
k3d;15
kbd;3
kc;58
kdb;12
kdbx;5
keep;21
keepdir;2
key;269
key  (Creatix Online);4
key_;220
keyring;79
keys;9
keyset;5
keystore;114
keystream;906
kfreebsd;1
kic;6
kid;8
kinf2011;4
kinf2018;1
kml;20
kmz;300
knownPackages;4
ko;14
koi;76
koi8-r;4
konsole;4
konsole-256color;2
kor;1
kpd;4
ks;12
ksd;4
ksg;10
ksh;12
kt;4
ktx;621
kv;8
kvw;4
l;9
l10n;2
la;454
lan;57
lang;1206
lap;22
last;2
lastModified;9
lastUpdated;168
lastbuildstate;62
lastused;3
launch;2483
layout;275
lazy;36
lcf;32
lck;310
lcl;234
lcp;1370
ld;2256
lda;52
ldb;107
ldc;8
lde;24
ldf;4
ldif;61
ldo;24
ldoc;4
ldscm;29
leave;2
leg;8
legothelordoftheringssavegamedata;6
len;4593
length;4
less;9757
level;271
lex;201
lfl;1
lfq;5
lfs;1
lgm;2
lgn;4
lgpl;4
lhp;140
lib;7168
lib-mitssl;4
lib-ohnessl;4
libdir;4
libhover;8
libraries;19
library;44
library-ms;105
lic;44
license;72
lickey;1
lid;16
lifecyclemapping;137
lighting;2
links;4
linux;21
linux-clang;1
linux-clang-egl;1
linux-egl;1
linux-m1;2
linux-m1b;2
linux-m2;2
linux-mingw-w64;1
linux-mingw32;1
linux-mingw64;1
linux-osmesa;1
liquid;22
list;56
litedb;4
little;18
liv;2
ljw;2
lk;1
lkg;4
lkp;4
ll;4
ll-tst;1
lm;75
lncs;2
lng;942
lnk;9980
lo;1
lo_;8
loaded_0;12
loaded_1;2
loaders;8
loc;4
local;59
locale;5
localsettingunit;96
localstorage;41
localstorage-journal;35
local~;4
location;442
lock;2725
locmeta;20
locres;222
log;9030
log-2015-06-27-08-28-26-483-3132;2
log-2015-06-27-08-29-53-321-5872;2
log-2015-07-01-05-17-24-667-4176;2
log-2015-07-06-19-05-10-103-6160;2
log-2015-07-06-20-59-03-523-4540;2
log-2015-07-11-11-43-03-649-11688;2
log-2015-07-11-11-43-22-924-7764;2
log-2015-07-11-11-43-24-984-11688;2
log-2015-07-11-11-54-36-060-4656;2
log-2015-07-13-19-41-55-918-4516;2
log-2015-07-22-20-58-04-668-4112;2
log-2015-07-22-21-00-54-805-3300;2
log-2015-07-26-19-50-35-428-4356;2
log-2015-08-02-16-42-55-540-4124;2
log-2015-08-02-16-42-58-274-5104;2
log-2015-08-02-16-42-59-694-4604;2
log-2015-08-02-16-43-03-464-5104;2
log-2015-08-02-16-46-22-229-4908;2
log-2015-08-02-20-05-29-248-4820;2
log-2015-08-04-12-19-42-293-6416-finished;2
log-2015-08-04-12-19-42-453-6384-finished;2
log-2015-08-04-12-19-42-503-4184;2
log-2015-08-04-12-19-42-693-6480-finished;2
log-2015-08-04-12-21-10-903-3852-finished;2
log-2015-08-04-12-40-03-865-6636-finished;2
log-2015-08-04-12-40-30-618-1856-finished;2
log-2015-08-04-12-40-30-888-6636-finished;2
log-2015-08-04-13-40-01-077-7352-finished;2
log-2015-08-04-14-40-02-483-4648-finished;2
log-2015-08-04-15-40-01-280-2840-finished;2
log-2015-08-04-16-40-01-453-6264-finished;2
log-2015-08-04-17-40-00-288-5600-finished;2
log-2015-08-04-17-40-19-951-7068-finished;2
log-2015-08-04-17-40-20-151-5600-finished;2
log-2015-08-04-18-40-00-293-5528-finished;2
log-2015-08-04-19-40-00-286-7420-finished;2
log-2015-08-04-20-40-00-577-3988-finished;2
log-2015-08-04-20-40-00-577-5588-finished;2
log-2015-08-04-20-40-00-757-7696-finished;2
log-2015-08-04-20-40-00-827-1628-finished;2
log-2015-08-04-21-40-00-640-7060-finished;2
log-2017-12-18-18-53-00-041-4280;1
log-2017-12-20-20-46-38-513-1952;1
log-2017-12-20-21-03-49-022-5892;1
log-2017-12-21-22-14-12-000-6220;1
log-2017-12-21-22-26-01-845-6036;1
log-2017-12-21-22-27-25-234-5976;1
log-2017-12-21-22-32-31-297-5108;1
log-2017-12-21-22-54-19-393-956;1
log-2018-01-12-05-30-05-072-19196;1
log-2018-01-13-19-06-34-297-6096;1
log-2018-01-20-16-54-54-544-4848;1
log-2018-01-21-09-31-46-708-5848;1
log-2018-01-24-21-17-06-135-10660;1
log-2018-02-02-20-32-31-877-6976;1
log-2018-02-03-11-50-12-946-6620;1
log-2018-02-03-16-39-08-557-1268;1
log-2018-02-07-09-06-21-016-2280;1
log-2018-02-09-21-58-16-928-13016;1
log-2018-02-15-10-39-40-414-6848;1
log-2018-02-16-14-35-54-743-4568;1
log-2018-02-18-21-44-04-913-6444;1
log-2018-02-18-22-14-17-203-6404;1
log-2018-02-18-23-21-04-172-5664;1
log-2018-02-18-23-50-29-251-5920;1
log-2018-02-20-06-07-24-766-4648;1
log-2018-02-28-20-48-19-699-16400;1
log-2018-03-17-11-30-38-575-2672;1
log-2018-03-17-22-37-19-658-5868;1
log-2018-03-18-09-53-38-594-5240;1
log-2018-03-18-22-01-15-033-5992;1
log-2018-03-19-19-17-05-896-6044;1
log-2018-03-19-20-20-15-491-5788;1
log-2018-03-22-19-33-52-789-5804;1
log-2018-03-22-20-49-53-768-6992;1
log-2018-03-24-15-59-27-712-6536;1
log-2018-03-27-12-36-31-748-6700;1
log-2018-03-29-16-35-19-265-4296;1
log-2018-03-29-22-25-38-104-13176;1
log-2018-03-29-22-27-08-049-10276;1
log-2018-03-30-13-23-41-300-6720;1
log-2018-04-01-22-22-40-867-6600;1
log-2018-04-09-05-49-39-060-6356;1
log-2018-04-09-12-36-11-381-6060;1
log-2018-04-11-21-44-51-598-21104;1
log-2018-04-12-14-51-21-970-7508;1
log-2018-04-12-18-12-10-130-6380;1
log-2018-04-15-15-17-09-302-6064;1
log-2018-04-16-19-12-19-797-6316;1
log-2018-04-17-05-20-07-463-5984;1
log-2018-04-19-09-23-42-652-6652;1
log-2018-04-22-05-46-17-310-6484;1
log-2018-04-23-06-17-17-243-6008;1
log-2018-04-24-19-38-38-719-14672;1
log-2018-04-24-19-40-38-002-11184;1
log-2018-04-24-20-38-01-983-2128;1
log-2018-04-26-05-26-47-563-6096;1
log-2018-04-26-11-12-06-718-6296;1
log-2018-05-06-18-02-46-907-6476;1
log-2018-05-09-04-58-28-895-7964;1
log-2018-05-15-19-56-28-190-38552;1
log-2018-05-20-12-37-53-538-2492;1
log-2018-05-20-13-06-12-748-7232;1
log-2018-05-21-12-00-58-971-7276;1
log-2018-05-23-17-11-16-884-6184;1
log-2018-05-23-17-53-10-671-7764;1
log-2018-05-23-17-57-08-983-7208;1
log-2018-05-23-17-59-21-140-2404;1
log-2018-05-23-18-00-36-875-7028;1
log-2018-06-01-14-26-19-313-7128;1
log-2018-06-01-17-05-04-955-2340;1
log-2018-06-07-20-04-03-322-19388;1
log-2018-06-07-20-05-38-748-7640;1
log-2018-06-09-16-58-46-751-3408;1
log-2018-06-09-17-27-10-509-7044;1
log-2018-06-13-05-11-03-772-7668;1
log-2018-06-13-05-12-58-710-8400;1
log-2018-06-14-11-23-08-251-3568;1
log-2018-06-20-20-50-31-786-18668;1
log-2018-06-20-20-52-07-072-35444;1
log-2018-06-26-21-10-51-397-40972;1
log-2018-07-05-20-05-42-465-3256;1
log-2018-07-11-15-21-34-798-34164;1
log-2018-07-11-15-22-40-458-34164;1
log-2018-07-11-17-03-22-684-7340;1
log-2018-07-29-21-55-10-288-24784;1
log-2018-07-29-21-56-55-872-13744;1
log-2018-08-01-18-40-57-691-25828;1
log-2018-08-01-18-42-07-430-29784;1
log-2018-08-01-21-53-20-424-6284;1
log-2018-08-02-05-01-58-456-7220;1
log-2018-08-07-20-20-49-115-3160;1
log-2018-08-07-20-53-13-932-3624;1
log-2018-08-13-12-45-07-231-6908;1
log-2018-08-13-15-21-00-333-2220;1
log-2018-08-14-18-57-06-606-22940;1
log-2018-08-14-20-53-33-366-7312;1
log-2018-08-22-19-17-07-888-6404;1
log-2018-08-22-19-20-18-418-1324-finished;1
log-2018-08-22-19-20-18-652-5452-finished;1
log-2018-08-22-19-20-18-683-720-finished;1
log-2018-08-22-19-20-18-699-1012-finished;1
log-2018-08-22-19-44-02-808-1812-finished;1
log-2018-08-22-21-33-03-137-2952-finished;1
log-2018-08-22-21-33-03-215-1812-finished;1
log-2018-08-22-21-44-00-637-5924-finished;1
log-2018-08-22-21-47-52-686-2448;1
log-2018-08-22-21-48-45-261-3024-finished;1
log-2018-08-22-21-57-45-746-2976;1
log-2018-08-22-22-00-49-334-2812-finished;1
log-2018-08-22-22-03-45-949-2784-finished;1
log-2018-08-22-22-15-30-774-2724-finished;1
log-2018-08-22-22-17-36-492-5184;1
log-2018-08-22-22-23-13-341-2780-finished;1
log-2018-08-22-23-20-38-053-5440-finished;1
log-2018-08-22-23-21-57-490-3160-finished;1
log-2018-08-22-23-21-57-755-4088-finished;1
log-2018-08-22-23-21-57-787-2216-finished;1
log-2018-08-22-23-21-57-802-5344-finished;1
log-2018-08-22-23-24-39-356-2788;1
log-2018-08-22-23-27-23-248-2656;1
log-2018-08-22-23-33-41-244-2628;1
log-2018-08-22-23-41-27-500-2504-finished;1
log-2018-08-23-09-56-29-171-2824;1
log-2018-08-23-09-57-07-777-2692-finished;1
log-2018-08-23-09-57-17-667-2916-finished;1
log-2018-08-23-09-57-17-746-2692-finished;1
log_backup1;72
loggz;995
logindata;2
logrotate;4
lok;4
lph;25
lphlocal;6
lpr;70
lrc;198
lrs;9
ls;184
lsf;8
lsl;4
lso;36
lsp;24
lss;152
lst;532
ltouch;5
lua;7060
luacheckrc;2
luacov;2
luckystruct;18
lut;8
lv;1
lvr;4
lwp;298
lxa;16
ly;1
lz4;14
lzma;24
m;5840
m14;8
m2k;9
m2ts;209
m2v;4
m3d;2
m3g;12
m3u;11
m4;225
m4a;511
m4v;4
m_in;17
mab;34
macAddress;1
mailcap;4
mailmap;19
mak;263
make;236
man;97
managed_manifest;5
mancpn;1
manifest;1973
map;4893
mapcss;104
mapping;8
mappings;580
mar;2
mark;39
markdown;794
marker;5
markers;1016
mashed;6
mask;374
master;4
mat;518
material;413
mb;2
mbk;4
mbox;2
mbp;1171
mbpV2;166
mbs;1
mc;34
mca;998
mch;5
mcmeta;178
mcp;181
mcr;61
mct;30
mctable;9
md;45824
md5;18182
md5sum;16
md8;4
mda;10
mdb;308
mdd;30
mde;24
mdf;22
mdl;52
mdmp;9
mdp;73
mdw;7
mdz;76
md~;15
me;2
mel;1
mem;48
members;6
members_i;6
members_inputs;2
members_inputs_i;2
mer;88
mesh;6
meshgz;44
message;14
met;83
meta;250
metadata;826
metadata-v2;892
metadata_never_index;2
metainfo;32
metal;1
method;2
method_i;2
methods_inputs;5
methods_inputs_i;4
mex;52
mf;475
mfl;142
mft;11
mftx;10
mfx;20
mgc;11
mgk;13
mht;4
mib;27
microsoft[1];2
mid;845
migrated;2
mik;2
mil;46
mime;4
min;94
mine;2
mingw;1
mingw-win32;1
mini;38
minimal;8
minitel1;2
minitel1-nb;2
minitel12-80;2
minitel1b;2
minitel1b-80;2
minitel1b-nb;2
minitel2-80;2
misc;3
mix;1
mixin;2
mixin_i;2
mixins;2
mixins_i;2
mjs;40
mk;190
mkd;6
mks;32
mkv;9
mld;4
mlet;112
mlterm;2
mlterm-256color;2
mm;48
mmf;12
mml;1
mms;3
mnu;9
mo;7162
mobi;93
moc;96
mod;174
mod_sql;12
mod_wrap;8
modd;9837
mode1v3;2
model;29
models_l0;122
models_l1;121
modify_paths_first;8
module;940
modulemap;22
modules;201
mof;408
moff;1683
mor;36
motivespline;2
mov;22
movefab;8
mozlz4;25
mp;2
mp3;43351
mp4;4103
mpa;804
mpd;4
mpeg;17
mpg;553
mpls;4
mplstyle;156
mpo;1
mpp;60
mpw;4
mq;6
mrxvt;4
ms;8
msc;80
msf;727
msg;5026
msgpack;60
mshc;2
mshraw;493
msi;1150
msk;81
msm;60
mso;24
msp;58
msscmp;16
msstyles;4
mst;588
msu;1
msys;1
msys-win32;1
msys-win64;1
mta;9
mte;21
mtf;15
mtk;1
mtl;59
mtrlgz;48
mts;2
mtx;65
mui;3444
muleide;4
multi;21
mus;65
mvc;3
mvd;4
mvm;4
mwf;15
mwp;180
mxc2;21
mxc3;125
mxcap;1
mxm;44
mxres;3
mxsd;456
mxt;2
mxv;305
myapp;10
mydocs;38
myhibernatedata;4
mymetadata;4
mzz;1
n;74
n04;3
nacl-32;1
nacl-64;1
name;128
name_i;46
name_inputs;27
name_inputs_i;25
names;29
names_i;29
names_inputs;6
names_inputs_i;2
namespaceKey;6
namespaceKey_i;6
namespaceKey_inputs;2
namespaceKey_inputs_i;2
namespace_inputs;4
namespace_inputs_i;3
namespacing;2
nanorc;44
nar;480
natvis;1
nb;1
nbm;3
nbt;199
nc;12
ncb;203
ncbx;20
ncol;4
nct;72
ncx_t;2
nds;38
ndx;6
net;36
netbeans_automatic_build;1
netbsd;1
new;36
new_t;4
nexe;17
nfo;52
nfs;280
nft;8
nib;42
ninja;36
ninja_deps;18
ninja_log;18
nl;7
nld;12
nlf;4
nlog;1
nlp;56
nls;824
nmake;11
nmea;12
nmf;11
nms;9
nn;4
nng;12
nnl;6
nnr;12
no;7
no_trailing_newline;4
nochop;1
nod;249
node;180
node-version;5
node_repl_history;2
nomedia;142
nores;3
npm;299
npmignore;2442
npmrc;2
nps;8
npsLastSurvey;2
npsid;2
npy;108
npz;118
nra;6
nrm;226
nrr;16
nsh;516
nsi;73
nsql;12
nt;8
nupkg;1103
nuspec;1075
nvc;8
nvd;9
nvdevice;4
nvi;131
nvlink;12
nvm;9
nvmeta;16
nvmrc;14
nvram;2
nvu;3
nw;12
nwl;11
ny;16
nycrc;42
o;4782
obd;6
obe;8
obg;5
obj;2724
ocio;1
ocr;13
oct;464
octave_hist;2
octaverc;1
ocx;431
od;58
odb;16
odc;18
ode;15
odf;5
odg;8
odl;417
odlgz;2657
odp;14
ods;7
odt;248
odt#;3
oeaccount;22
oem;4
oemdat;1
off;19
ofx;7
ogex;418
ogg;19403
ogv;43
ok;11
olb;20
old;307
omi;4
one;242
onecache;4
onepkg;5
onetoc2;51
opa;2
openbsd;1
opf_t;2
opml;3
opt;227
options;618
opts;112
opus;20
org;9
orig;128
original;4
os2;3
osd;4
osm;133
osmbin;2
osn;6
ot;25
ota;3
otc;19
otc-shm;2
otc-wal;2
otf;557
otp;75
otr;1
otrkey;3
ots;382
ott;2262
out;205
out2;1
output;4
ov2;77
overrides;4358
overridetasks;4
ovl;2532
ovpn;6
ows;9
p12;87
p6a;3
p6b;30
p6c;4
p7b;2
p7x;170
pab;20
pack;161
packaging;32
packedfont;49
packlist;59
padding;220
pag;4
pages;4
pak;2552
pal;15
pamd;4
panel;4
pap;4
par;6
param;1
part;15
part00001;1
part00002;1
part00003;1
part00004;1
part00005;1
part00006;1
part00007;1
part00008;1
part00009;1
part0000A;1
part0000B;1
part0000C;1
part0000D;1
part0000E;1
part0000F;1
part00010;1
part00011;1
part00012;1
part00013;1
part00014;1
part00015;1
part00016;1
part00017;1
part00018;1
part00019;1
part0001A;1
part0001B;1
part0001C;1
part0001D;1
part0001E;1
part0001F;1
part00020;1
part00021;1
part00022;1
part00023;1
part00024;1
part00025;1
part00026;1
part00027;1
part00028;1
part00029;1
part0002A;1
part0002B;1
part0002C;1
part0002D;1
part0002E;1
part0002F;1
part00030;1
part00031;1
part00032;1
part00033;1
part00034;1
part00035;1
part00036;1
part00037;1
part00038;1
part00039;1
part0003A;1
part0003B;1
part0003C;1
part0003D;1
part0003E;1
part0003F;1
part00040;1
part00041;1
part00042;1
part00043;1
part00044;1
part00045;1
part00046;1
part00047;1
part00048;1
part00049;1
part0004A;1
part0004B;1
part0004C;1
part0004D;1
part0004E;1
part0004F;1
part00050;1
part00051;1
part00052;1
part00053;1
part00054;1
part00055;1
part00056;1
part00057;1
part00058;1
part00059;1
part0005A;1
part0005B;1
part0005C;1
part0005D;1
part0005E;1
part0005F;1
part00060;1
part00061;1
part00062;1
part00063;1
part00064;1
part00065;1
part1;4
part2;4
partX;1
partial;19
pas;381
passwd;4
password;4
pat;1375
patch;2370
path;4
pb;33
pbf;48
pbfilespec;2
pbitm;72
pbk;54
pbm;16
pbxbtree;16
pbxproj;21
pbxsymbols;2
pbxuser;2
pc;493
pc2;48
pcb;10
pcf;24
pch;189
pci;11
pck;21
pckgdep;357
pcode;714
pcx;404
pd6;1
pdb;1079
pdd;18
pdf;18788
pdl;2
pdlcp;44
pdn;782
pdnBak;4
pdom;16
pds;2
pdx;4
pe4;4
pegjs;4
pem;747
pencolors;1
persistent;4
pf;786
pf2;37
pfa;72
pfb;953
pfm;184
pfs;73
pfw;4
pfx;162
pgm;118
pgn;30
pgp;64
pgr;90
ph;16
phd;6
phl;599
phononscene;55
php;67017
php-orig;4
php5;26
php_;1
phpt;888
phpversion;4
phx;49
phys;3
physicMaterial;2
pic;4
pickle;164
pict;232
pid;62
pif;8
pip;58
pipl;52
pix;5
piz;6
pjl;7
pk;3
pkc;19
pkcls;11
pkg;600
pkgdef;12
pkl;12
pkm;9
pkr;39
pl;1409
pl-new;4
pl-old;18
pl-old2;14
placeholder;1
plan;3
platform;1
plb;1
plc;14
plg;286
plist;116
plk;1
pls;7
plt;24
pluginInfo;36
plugins-path;26
plx;2
pm;1988
pma;52
pmc;1
pmd;41
pmdx;129
pmly;27
pmp;7
pmvx;87
pna;16
pnc;8
png;418696
png&h=32;26
pngv;4
pngz;48
po;5349
pod;195
poi;14
pol;3
policy;649
pom;9557
ports;4
portscan;4
pos;565
postal;16
posters;2
postinstall;4
postremove;4
pot;371
potx;42
pov;1
pp;840
pp2;4
ppc;4
ppd;19
pper;8
ppj;12
ppk;17
ppl;1
ppm;207
pps;62
ppt;1291
pptm;30
pptx;594
prc;76
prd;129
pre;148
pref;16
prefab;16
prefs;5366
preinstall;4
preprocessing;212
preremove;4
preset;40
previous;1
prf;1074
prfl;8
prg;486
pri;1365
priv;179
prj;12
prjx;12
prl;532
prm;17
prn;32
pro;152
processed;215
profile;115
profile-CP1254;1
profile-KOI8-R;1
profile-KOI8-U;1
profile-KOI8-UB;1
profile-am-ET;1
profile-ar;1
profile-ar-EG;1
profile-ar-SA;1
profile-bg-BG;1
profile-ca-ES;1
profile-cs-CZ;1
profile-da-DK;1
profile-de;1
profile-de-AT;1
profile-de-CH;1
profile-de-DE;1
profile-div-MV;1
profile-el-GR;1
profile-en;1
profile-en-AU;1
profile-en-CA;1
profile-en-GB;1
profile-en-IE;1
profile-en-NZ;1
profile-en-US;1
profile-en-ZA;1
profile-es;1
profile-es-ES;1
profile-es-MX;1
profile-eu;1
profile-eu-ES;1
profile-fa-IR;1
profile-fi-FI;1
profile-fr;1
profile-fr-BE;1
profile-fr-CA;1
profile-fr-CH;1
profile-fr-FR;1
profile-gl-ES;1
profile-he;1
profile-he-IL;1
profile-hu-HU;1
profile-it-IT;1
profile-ja-JP;1
profile-lt-LT;1
profile-nb-NO;1
profile-nl-NL;1
profile-nn-NO;1
profile-pl-PL;1
profile-ps;1
profile-pt-BR;1
profile-pt-PT;1
profile-ro;1
profile-ro-RO;1
profile-ru;1
profile-ru-RU;1
profile-sk-SK;1
profile-sl;1
profile-sv;1
profile-sv-SE;1
profile-syr;1
profile-tr;1
profile-tr-TR;1
profile-uk-UA;1
profile-ur-PK;1
profile-yi;1
profile-zh-CN;1
profile-zh-TW;1
prog;2
programData;3
programmer;4
proj;14
project;2666
project_i;20
projitems;4
prolern;1261
prolern(aus);8
prop;182
propdesc;2
properties;37356
properties-example;32
properties-old;9
properties-orig;9
properties-production;24
properties_US;8
properties_de_DE;8
propertiesv;4
property_inputs;1
property_inputs_i;1
props;331
props-orig;2
proto;4
protobuf;1
provxml;871
proxy;101
prp;16
prq;1
prs;878
prv;140
prx;1298
ps;1788
ps1;709
ps1xml;40
ps_2_0;5
psc;13
psd;2008
psd1;53
pse11db;2
pset;155
psf;42
psm1;25
psp;13
pspimage;1
pssl;47
pst;1026
pt;85
pt-br;4
ptg;1
pth;35
ptmp;2
pts;4
ptx;11
pty;4
pu2;4
pub;198
pubxml;2
pump;20
pup;3
putty;2
putty-256color;2
putty-m1;2
putty-m1b;2
putty-m2;2
pv;4
pvl;1
pwd;7
pwsafe;3
pwz;4
pxd;452
pxi;26
pxp;19
py;115971
py_t;2
pyc;86381
pyd;4004
pydevinfo;2
pydevproject;4
pydevsysteminfo;2
pyf;7
pyi;356
pylintrc;2
pym;54
pyo;24
pys;45
pyw;73
pyx;46
q;32
q3x;9
qat;1
qbin;12
qch;2
qdoc;30
qdocconf;114
qdocinc;6
qfn;4
qhcp;2
qhp;2
qm;2242
qml;4619
qmlc;198
qmltypes;514
qpg;3
qph;78
qpx;4
qss;2
qstr;118
qtch;16
qtif;4
qtp;6
qtr;20
qts;4
qtx;76
qua;62
qualifiedName;2
qualifiedName_i;2
quarcore_cache;4
query;1928
queue;4
quota;12
qus;4
qv1;4
qv2;4
qv3;4
qv4;4
qv5;4
qvs;18
qxd;16
qxp;142
r;259
r2821;4
r2skin;2
radttf;15
ral;114
ram;4
rangemap;8
rar;526
ras;12
rat;4
ratelimiter;16
ratio;4
raw;2034
rawproto;6
rb;26
rbs;4
rc;605
rc2;58
rcc;54
rcp;148
rct;28
rda;3
rdb;204
rdf;369
rdlc;2
rdp;4
rds;750
rdx;165
readme;29
rec;32
recovery;4
ref;28
refresh;8
reg;1160
regdump;2
registry;28
regtrans-ms;189
rej;2
remarkignore;1
renametojar;56
rendered;11
reorder;4
rep;8
repopickle_config;2
repositories;2698
repository;9
repositoryManagerState;4
res;14954
resS;345
resfiles;1
resjson;1
resource;205
resources;258
resp;5
response;71
result;686
resw;16
resx;406
rex;32
rgb;2505
rgn;64
rgs;22
rh;36
ri;4
rib;1
rights;8
riscos;3
rjt;4
rll;192
rm;8
rmk;3
rmscr;1
rnd;14
rng;4
rnx;8
rom;14
routes;25
rpath;7
rpc;1
rpd;43
rpv;20
rr;28
rs;18
rsa;6
rsc;284
rsd;1
rsdx;1
rsh;802
rsm;22
rsn;2
rsp;27
rsr;210
rsrc;7736
rss;105
rst;4668
rst_t;2
rt;2
rtd;12
rtf;3655
rtlcssrc;17
rtouch;5
rtp;14
ru;15
rul;44
rules;88
ruleset;4
runtime-xml;2
rvd;4
rws;12
rxvt;4
s;514
sam;111
sample;1178
sar;193
sas;3
sas7bdat;44
sat;792
sav;718
sax;4
sb;2
sbd;6
sbi;202
sbl;386
sbn;12
sbr;138
sbs;188
sbstore;142
sbsx;11
sbx;12
sca;24
scala;213
scale;4
scan;98
scc;1217
scene;196
scenegz;10
scf;26
sch;316
schema;42
schemas;18
schematic;54
scm;103
scope;4
score;1
scp;108
scpt;5
scr;103
scrapbook;4
script;787
scss;71
sct;2519
sculpt;27
sd3;6
sd_;5
sdb;65
sdf;54
sdg;40
sdmeta;8
sdv;74
sdw;272
sdx;2
search-ms;38
searchconnector-ms;18
sec;4
secureversion;4
security;80
security-solaris;4
sed;14
selector;2
selector_i;2
selectors_inputs;4
selectors_inputs_i;4
sep;16
ser;459
serverdef;68
service;4
servicemodule;3
ses;5
session;67
set;11
setting;24
settings;141
setup;122
sf;2
sfd;17
sff;10
sfk;6
sfv;6
sfx;93
sgi;8
sgml;52
sh;3618
sha;65
sha1;21986
sha1-in-progress;2
sha256;8
sha512;498
shader;400
shaderProp;14
shadow;4
shape;773
shapes;1
shared;2
shdescription;4
sheet;35
shelf;2
shortName;12
shortName_i;12
shortname;6
shortname_i;6
shortname_inputs;2
shortname_inputs_i;2
shp;20
shproj;4
shr;34
shtml;57
shw;23
shx;20
si;53
sib;22
sic;4
sidb;4
sig;166
signature;2
sil;1
sim;27
simple;4
sin;20
sip;6242
site;5
sjava;44
sjis;1
sk;2
skel;5
skin;216
skinres;1
skip;4
skn;37
skr;58
sks;4
sl;95
sla;510
slg;44
slmeta;94
sln;1781
slx;30
smi;108
smil;4
smm;40
smp;8
sms;3
snap;57
sndt;3
snippet;50
snk;1
snt;2
so;2851
sob;17
soc;165
sod;74
soe;74
softwaretools;4
sog;131
soh;74
sol;1488
solaris;29
solaris-gcc;1
solution;157
son;4
sonar_lock;2
sor;4
sp;4
spa;32
sparc;4
spc;8
spd;44
spe;1
spec;41
specs;1586
spi1d;4
spi3d;5
spimtx;9
spk;64
spl;3
spp;1
spr;4
springBeans;24
spud;19
spvchain;2
sql;5565
sqlite;1711
sqlite-journal;16
sqlite-shm;31
sqlite-wal;32
sqlite3;5
sqlite3-shm;2
sqlite3-wal;2
sqm;642
src;192
srd;2
srd-shm;2
srd-wal;2
srf;8
srg;41
srl;1
srs;3
srt;19
ssa;6
ssc;14
sse;5560
ssf;28
ssp;14
sst;164
ssv;21
ssx;670
st;4
sta;19
stacktags;1
stamp;288
start;15
stat;47
state;48
state1366490193903;3
state1366490219276;3
state1366490232299;3
state1372586780576;3
stats;2
status;6
stderr;1
ste;4
stf;16
stg;102
sth;187
stop;56
storage;763
storageData;45
storageRecordIndex;45
storage_i;467
store;172
stp;27
str;225
strbo;24
strings;175
strutsdia;28
stub;6
stw;24
sty;24
styles=;6
sub;35
sucatalog;4
sug;3
sun;4
suo;95
super;8
super_i;8
super_inputs;2
super_inputs_i;2
supp;1
sv;7
sve;13
svg;36171
svgz;61
svn-base;276894
svnProviderState;8
swarc;32
swatches;1
swf;2618
swidtag;3
swp;168
swz;59
sxc;8
sxw;20
sy_;10
syc;1
sym;22
symbols;7
syn;100
syncinfo;588
sys;2347
t32;6
t3d;4
t4;10
t64;6
tab;106
tab_i;72
table;3
tag;53
tag_20180609;3
tag_20180610;3
tag_20180611;3
tag_20180617;3
tag_20180620;3
tag_20190718;2
tag_20190929;2
tag_20190930;2
tag_20191110;2
tag_20191126;2
tag_20191130;2
tag_20191201;2
tag_20200114;2
tags;17
tags1;17
tak;4
tar;89
targ;26
target;65
targets;279
tasks;4
tbacct;6
tbacctpic1080x1080;3
tbacctpic208x208;3
tbacctpic424x424;3
tbacctpic64x64;3
tbd;28
tbl;205
tbres;156
tc;3
tcc;426
tcl;7838
tcsh;1
tdf;8
tdl;2
teamtask;232
teamtask_meta;8
tek;10
temp;3
temp-settings;2
template;1056
templates;15
teraterm;2
terms;70
test;809
testrunconfig;8
tests;6
tex;77
tex_t;8
texi;31
texinfo;17
text;265
textpb;8
textproto;4
textures_l0;28
textures_l1;228
tf;1
tfi;1
tfix;1
tfstate;1
tfw;24
tfx;304
tga;2315
tgz;99
th;13
tha;5
theme;53
thl;356
thm;90
thmx;168
thn;10
thp;80
thrift;2
ths;35
thumbdata-idx3;2
thumbdata3;2
thumbdata3--1967290299;6
thumbdata3-1763508120;2
thumbnail;3
tib;1000
tic;3
tif;2416
tiff;18
tiger;42
tii;187
tile;24
tim;11
timestamp;30
timestamps;24
tin;4
tip;11
tis;189
tlb;549
tld;780
tlog;442
tlv;48
tlx;9
tm;177
tmLanguage;6
tmTheme;11
tm_properties;39
tmap;220
tmd;214
tme;4
tmf;14
tmp;12886
tmp-tmp;3
tmp1;14
tmpCHANGELOG;4
tmpCREDITS;64
tmpChangelog;4
tmpEXPERIMENTAL;8
tmpINSTALL;4
tmpLICENSE;12
tmpNEWS;4
tmpNOTICE;4
tmpREADME;24
tmpTODO;8
tmpl;302
tmv;557
tmw;18
tnfo;14
tnl;4
toast;27
toc;478
token;5
tokens;24
tol;56
tomcatplugin;64
toml;13
tone;2
toolkitInitialized;2
top;24
tosw;8
tour;7
tourScript;7
tpa;21
tpf;4
tpl;4827
tplx;40
tps;340
tr;1
trace;12
trackid;2
train;2
traineddata;16
transform;35
translation;2169
trc;12
tree;1029
tree_inputs;2
tree_inputs_i;2
tri;1
trial;12
triggered;8
trk;1
trm;4
trn;1414
true;4
truststore;24
ts;19715
tsbuildInfo;7
tsc;4
tse;14
tsi;8
tsk;12
tsm;1
tsp;69
tss;4
tst;87
tsv;35
tsx;5
ttbl;2
ttd;16
ttf;8953
ttl;16
ttt;18
tut;6
tv13;3
tv_;18
tvc;21
txi;3
txm;4
txr;46
txt;66724
txt-firstorig;8
txt-orig;8
txt@2019-05-05_230536;2
txt_old;4
txx;17
type;6
type_i;6
type_inputs;2
type_inputs_i;2
typed;2
typelib;50
types;28
types_i;6
types_inputs;2
types_inputs_i;2
u2k;4
u98;4
ua;7
uasset;10153
ubt;7
ubulk;68
uca;8
uccapilog;5
ucd;8
uce;32
ucm;6
ucp;4
udat;2
udc;4
udd;119
udi;39
udl;6
udn;986
uds;6
uexp;435
ufo;1
ufont;6
uft;12
ufx;76
uhtmanifest;6
ui;2
uicharacterprefabs;6
uif;4
uini;8
uk;1
umap;150
umj;2
umly;48
un_;5
uni;4
unilang;33
uninstall;4
units;2
unity;10
unity3d;1
unityPackage;2
unitypackage;2
unp;11
un~;92
up_meta;265
up_meta_body;565
up_meta_secure;87
upack;26
upd;6
update;5
uplugin;188
upoi;6
upp;378
upr;4
uproject;41
url;1267
usa;13
usage;12
usb;1
usd;104
usda;24
user;23
userlibraries;48
userlibrary;16
userprefs;2
usf;183
ush;111
usl;4
usm;5
usp;2
usr;120
utf-8;30
utf8;11
uti;14
uts;14
uu;2
uue;38
uva;16
uyt;2
v1_sys_astdelta;16
v2;15
v20130118-173121-9MF7GHYdG0B5kx4E_SkfZV-1mNjVATf67ZAb7;10
v20130129-152330-7IARAABrMQkGSvMgQnUlz-DQz00h;10
v20140925-0400;8
v20141007-2301;2
v20160907-1200;6
v20170301-0400;6
v20180330-0640;12
v20180611-0656;10
v20190307-0500;4
v20200305-0155;4
v2product;16
v2sdmeta;4
v3product;15
v4e;152
v4product;2
v5product;4
v6product;2
val;23
values;978
values_inputs;4
values_inputs_i;4
var;80
variable;2
variable_i;2
variables;4517
variables_i;4
vb;207
vbox;2
vbox-prev;2
vbp;4
vbproj;16
vbr;26
vbs;218
vbw;4
vc;22
vcache;1
vcf;7062
vch;1
vcm_meta;2
vcode;162
vcproj;187
vcrd;96
vcredist;2
vcs;1075
vcxitems;14
vcxproj;2877
vdc;24
vdc3;8
vde;24
vdf;316
vdhelp;4
vdi;9
vdm;8
vdproj;48
vec;3
veg;6
vep;8
ver;1447
version;326
versions;10
vert;85
vertex;21
vet;137
vex;6
vfd;8
vfx;60
vhd;37
vibe;42
view;35
vif;648
vim;1320
viminfo;1
vis;3687
vita;2
vlf3;8
vlpset;98
vlt;1
vm;506
vmb;8
vmc;25
vmcx;8
vmdk;54
vmgs;4
vmoptions;15
vmsd;2
vmx;2
vmxf;2
vnc;4
voc;15
vocx;18
vol;8
voxpack;2
vp;62
vpcbackup;14
vpk;43
vpl;2
vpol;19
vpr;50
vrp;15
vrpath;6
vs;32
vs_2_0;5
vsch;17
vsd;72
vsdir;4
vsdisco;12
vshub;1
vsix;8
vsixmanifest;19
vsk;18
vsl;8
vsmacros;7
vsmdi;8
vspscc;304
vsscc;4
vssettings;29
vssscc;72
vst;1
vstdir;89
vstemplate;645
vsv;12
vsx;16
vsz;2
vte;2
vte-256color;2
vtl;308
vtm;24
vwl;4
vxd;109
vxml;1
vxx;14
w;28
wab;11
wab~;10
wallet;6
wallet2;2
war;318
wasm;3
watchr;18
wav;8396
wa~;7
wb2;23
wbcat;9
wbk;260
wbverify;6
wcx;5
web;6
web[2];4
weba;107
webinfo;12
webm;44
webmanifest;2
webp;448
website;1
weight;4
wem;863
wer;545
wew;8
whitelist;4
whl;120
wicc;4
wide;4
wiki;743
win;2
win32;5
win32manifest;2
windows;4
winmd;278
winmove;4
winprf;24
winprf_backup;24
wiz;28
wk4;23
wkt;36
wld;18
wlist;1
wlx;1
wma;2017
wmdb;60
wmf;1000
wmk;6
wml;28
wmv;764
wmz;42
woff;603
woff2;129
workflow;13
workspace;8
world;3
wpaProfile;4
wpaprofile;8
wpc;28
wpd;23
wpg;30
wpl;323
wpp;34
wprp;2
wps;3
wql;4
wrapped;8
wri;33
wrl;12
wsdd;804
wsdl;5097
wsf;6
wsil;15
wsp;5
wtb;16
wtv;2
wv9;28
wve;59
wx;1
x;58
x32;292
x3d;44
xa;10
xambe;6
xaml;1974
xap;96
xar;1611
xba;342
xbel;8
xbf;393
xbm;1459
xbn;20
xc;6
xcconfig;90
xcd;71
xce;6
xcf;44
xck;1
xclangspec;2
xcp;1
xcs;326
xcscheme;7
xcsettings;7
xcu;861
xcworkspacedata;4
xd;6
xdc;11
xdce;6
xde;6
xdl;89
xdoclet;12
xdr;72
xdt;44
xdw;6
xdwe;6
xe;6
xerces;4
xfrm;4
xhp;647
xhtml;1814
xhtml_t;2
xib;10
xlam;2
xlb;154
xlc;36
xls;2484
xlsb;3
xlsm;44
xlsx;338
xlt;4
xltx;9
xm_;6
xmd;244
xmg;3
xmi;95
xml;186433
xml-1;16
xml-10;8
xml-100;4
xml-101;4
xml-102;4
xml-103;4
xml-104;4
xml-105;4
xml-106;4
xml-107;4
xml-108;4
xml-109;4
xml-11;8
xml-110;4
xml-111;4
xml-112;4
xml-113;4
xml-114;4
xml-115;4
xml-116;4
xml-117;4
xml-118;4
xml-119;4
xml-12;8
xml-120;4
xml-121;4
xml-122;4
xml-123;4
xml-124;4
xml-125;4
xml-126;4
xml-127;4
xml-128;4
xml-129;4
xml-13;8
xml-130;4
xml-131;4
xml-132;4
xml-133;4
xml-134;4
xml-14;8
xml-15;8
xml-16;8
xml-17;8
xml-18;8
xml-19;8
xml-2;12
xml-20;8
xml-21;8
xml-22;8
xml-23;8
xml-24;8
xml-25;8
xml-26;8
xml-27;8
xml-28;8
xml-29;8
xml-3;12
xml-30;8
xml-31;8
xml-32;4
xml-33;4
xml-34;4
xml-35;4
xml-36;4
xml-37;4
xml-38;4
xml-39;4
xml-4;12
xml-40;4
xml-41;4
xml-42;4
xml-43;4
xml-44;4
xml-45;4
xml-46;4
xml-47;4
xml-48;4
xml-49;4
xml-5;12
xml-50;4
xml-51;4
xml-52;4
xml-53;4
xml-54;4
xml-55;4
xml-56;4
xml-57;4
xml-58;4
xml-59;4
xml-6;12
xml-60;4
xml-61;4
xml-62;4
xml-63;4
xml-64;4
xml-65;4
xml-66;4
xml-67;4
xml-68;4
xml-69;4
xml-7;8
xml-70;4
xml-71;4
xml-72;4
xml-73;4
xml-74;4
xml-75;4
xml-76;4
xml-77;4
xml-78;4
xml-79;4
xml-8;8
xml-80;4
xml-81;4
xml-82;4
xml-83;4
xml-84;4
xml-85;4
xml-86;4
xml-87;4
xml-88;4
xml-89;4
xml-9;8
xml-90;4
xml-91;4
xml-92;4
xml-93;4
xml-94;4
xml-95;4
xml-96;4
xml-97;4
xml-98;4
xml-99;4
xml-dmmauth;8
xml-orig;13
xml-prev;1
xml_hidden;42
xmp;2
xmpskin;3
xn;20
xnp;4
xpi;148
xpm;703
xpr;8
xps;9
xpt;702
xr;20
xrc;9
xrm-ms;1
xrs;11
xs;6
xsc;22
xsce;6
xsd;7439
xsd-optionalvalue;9
xsd2ecore;4
xse;6
xsh;4
xsl;6631
xslt;31
xsn;6
xspf;2
xss;10
xsw;6
xswe;6
xsx;4
xterm-256color;2
xterm-new;4
xterm-r6;2
xterm-xfree86;2
xtg;10
xu;20
xul;219
xw;6
xwe;6
xweb;24
xx&oh=0197ceebec849b313593192609a83937&oe=5DC7D8EA;2
xx&oh=068be7f0e0f0a04eb00318e8d10c2eae&oe=5DCBE5A9;2
xx&oh=0768dead9f8465cc7678fd2b2cef9c82&oe=5E026882;1
xx&oh=0775fcb957ec72caaa0a0c3560317c57&oe=5EA09C82;1
xx&oh=0a9b29e3da9c8af1bc5cbb42c9505d25&oe=5DFD81EC;2
xx&oh=0b2390ab099855c3fa64afeaaa206926&oe=5E29F582;1
xx&oh=0c86c2527db874eb30f4aedde101b97f&oe=5CCB8AD2;2
xx&oh=1284f5c522a7b61251a00feefc4fe3c1&oe=5E518282;1
xx&oh=135e65668be5c6106aec245510f78cc5&oe=5CD640CB;2
xx&oh=1408ecf4f53b3e5a7f8d0c40cd5b37b3&oe=5C8C8ED2;2
xx&oh=14f18434725dd0c674f3ee1b7ca36957&oe=5D168440;1
xx&oh=1bb5aa2cf283c000f9e1a1945acb13b2&oe=5D1AB3CD;1
xx&oh=1caf5d98ba9f911ea186f62401440550&oe=5EBCC7FE;1
xx&oh=1ce9cc5473ed5c79129435fb502d2943&oe=5DFCE2B9;2
xx&oh=1e6ce3bde350356a17e7adcc086c6d0e&oe=5D120304;1
xx&oh=29e5fdc77e8a0743d32275190dc75dcd&oe=5DDADB82;1
xx&oh=2a32402f848541a608635bf72a37cd66&oe=5E22E820;1
xx&oh=2d4f252f1885f110e6ed5cf54e2d8195&oe=5E22E820;1
xx&oh=30d21e57712c3deb437bfd47001b0243&oe=5CCA810A;2
xx&oh=315b5e1380fc42240922d6f3fdeac3ff&oe=5D16788B;1
xx&oh=322f0a1f1c250f45d93dc33c8e1f245d&oe=5D4D4FB2;1
xx&oh=3322052a9bc7b7dc07ac3e07a595c12b&oe=5D1BD3B3;1
xx&oh=335d948380a7c8cc38472aa360aa37d2&oe=5E0EFE11;2
xx&oh=399ac41f29d376f1f20bf933b9e2bd70&oe=5DFB5B20;1
xx&oh=3ba68edfcfa69be07780c922a94774b3&oe=5DDED055;2
xx&oh=3c752ede1e5e65011a8b833d4362b294&oe=5D0E0D20;1
xx&oh=40cc69417e1aa56f3424792d7c0cb290&oe=5E026882;1
xx&oh=43d37d54cdec9cd73d745f1f5e1f14f0&oe=5DF8696B;2
xx&oh=44d7bcefd8aab671e9076200054184c5&oe=5E3CFCD7;2
xx&oh=46ec27bcf6097790e55f67f2bcaa7655&oe=5E156FD7;2
xx&oh=47fa2282b95fc5c81c2d20ec86ee60b6&oe=5E22E820;1
xx&oh=4a17a365174af3395f92ab4130bb10df&oe=5E12DC48;2
xx&oh=4adddf0c13f91f07ddef0220a6a69741&oe=5E04A3C8;2
xx&oh=4da54623a9b36975b59b11c467dc765b&oe=5DDADB82;1
xx&oh=50dc15348e2913d3b7d6adbcab62c26d&oe=5DFB5B20;1
xx&oh=54bdffd5cb52aa45d38905042637d859&oe=5DCCC379;2
xx&oh=56bea7f43cea4460df9b28151c565b8c&oe=5C9BD1D5;2
xx&oh=5973a6699d406690efcc218e4c7f15e2&oe=5CCA51BD;2
xx&oh=5c71581a669c70f39f5fd720e857144e&oe=5DD3CE20;1
xx&oh=5d958bd41939f4613017eb101344773b&oe=5E116126;2
xx&oh=61894348d642b69037d8b28774e2e776&oe=5E11B58C;2
xx&oh=629bd86941f0186cf51dc3af78c56431&oe=5D862385;2
xx&oh=64b4ab4d0dc42928466cb96c16313b45&oe=5CAF1BB2;1
xx&oh=68ae55fa0be46cb8de6a44e6333ede9a&oe=5E080D7A;2
xx&oh=6e693fa7dadb1b2c3d0e04506e393f94&oe=5DD3CE20;1
xx&oh=74585a9992ba31317d32ed810f7f7e41&oe=5D1AFF06;1
xx&oh=74cf58392a13c0bab1996173aa80009c&oe=5E129C23;2
xx&oh=769924d70b6fc5b5ab02612d35cebe45&oe=5C8FCBC3;2
xx&oh=792f77ad766834e17d1614eae644b79b&oe=5D86DAEC;2
xx&oh=79fa0ea8ee6ac39cd34bff0c8e5bacab&oe=5DFCD004;2
xx&oh=7bdfd0a43cad5d9af6490e3cf0beea05&oe=5E026882;1
xx&oh=7d68f1ed685fab5cd6850138e4aa3187&oe=5E026882;1
xx&oh=7fa727d9d0cdbafa977bc32ebf834e6c&oe=5C9BB0E4;1
xx&oh=83f99245b945e4fb09af5290094600e7&oe=5D8CBE69;2
xx&oh=874792a497b99c6dc8c3d209e4c7f886&oe=5E720220;1
xx&oh=881323b9b96743ab633670ae54af25b4&oe=5DFD1D30;2
xx&oh=8b9797464b74830d933c1c6b05cb3f52&oe=5E22E820;1
xx&oh=8d607c6c0337eb1ab23ceefc73662ebd&oe=5CBDF7AA;2
xx&oh=952846b22bdb3d5f828aa925eded774b&oe=5DFB5B20;1
xx&oh=984b04eb4cbeb0d65874eb3a46696352&oe=5DFB5B20;1
xx&oh=998435823ea95f3d901c9d7238212f9a&oe=5CC35ED5;2
xx&oh=9bbb1169b3d8e46f66a8f709f5dc4219&oe=5EB3A3D7;2
xx&oh=9c3ab28aeb8ed0080cb2e54a7794eb8b&oe=5DC9166C;2
xx&oh=9c89e69357942b060f5692da182014ab&oe=5E518282;1
xx&oh=9d764ef4e6fd4949cc0462f158c990dc&oe=5E0E8352;2
xx&oh=a5310aaf39d49cbd5aa2549adb361403&oe=5D1689DA;1
xx&oh=ab346037e79597347681cb2c8364cf59&oe=5E29F582;1
xx&oh=ad02d6b8cbf5a47dca9779d59f68f362&oe=5C4C96E4;1
xx&oh=ad9bae73180e2e0bdc7aeea22ae7e971&oe=5D1F2CB1;1
xx&oh=ae632de450f2da1b53e32dc1cff5d9d8&oe=5E29F582;1
xx&oh=b0cfea286265baa78dc220d64aa8ab49&oe=5E29F582;1
xx&oh=b56a90f8bbbe1d9d4d3e724f0a46ca8e&oe=5E0A8554;2
xx&oh=b6800920782205e33058a91c87851a63&oe=5D49F432;1
xx&oh=b942a32677a52053427db7ffe3529e8d&oe=5D14DF56;1
xx&oh=b9e8b5e304de34330d0c62124d5da2c2&oe=5DDED055;2
xx&oh=bd0a4883d84db82ada0899e9ecf40bb1&oe=5DD5F4EC;2
xx&oh=c6193b4f7a8621d8aa37f472697bd13b&oe=5DFB5B20;1
xx&oh=c796c02761efa174561486fbe4db90e3&oe=5E065D55;2
xx&oh=cb418888dd77df9c0e2f4c2e01339262&oe=5DC8D723;2
xx&oh=cbf9408afad3ddc9a3eeee920b6e09ff&oe=5D0A7E91;1
xx&oh=d18b010c00737636c791886b8d484b7f&oe=5CD7B336;2
xx&oh=d1b28cb5a8d7ce7787c3064612fae4e2&oe=5D1B1897;1
xx&oh=d286aedc327503b1baf0ada50f3a191c&oe=5DD3CE20;1
xx&oh=d358070015e8e540839032d3cbd86822&oe=5DD5F4EC;2
xx&oh=d68904a398be82a7ea84a254be6dc7d4&oe=5DD5F4EC;2
xx&oh=d6ecb51ac1ab8b05b3939711c047a8a8&oe=5C7444D5;2
xx&oh=d931105830b4b787b2b6d3637911ff46&oe=5E297472;2
xx&oh=d945500560b55282ccc4e34e6c646b4c&oe=5DF7ED7A;2
xx&oh=da40df7ab79f2c454b78a9d6382fb45f&oe=5DF93059;2
xx&oh=dbcca717ce7d3f7abd86d77fe2a04867&oe=5EA09C82;1
xx&oh=e1b153b85a99afe93d2eee54a2621d06&oe=5D1CAB3F;1
xx&oh=e3e3be6a49c246a643e8b6f5a693168b&oe=5CC5D716;2
xx&oh=e5c305602df09eb2cbf78c6669e02bed&oe=5EA01B72;2
xx&oh=e8163307ecbde4c56d4e45f658cb0f0c&oe=5E026882;1
xx&oh=e8eb7825764878f3a98f590ff32325b8&oe=5E026882;1
xx&oh=e9aed4ac8704872c1c384b600e93e219&oe=5CC6FD69;2
xx&oh=e9ba1e732c4bd96cac69f19bc0564267&oe=5CFE35B2;1
xx&oh=e9cf87664531d78cc7f5098a41c8d047&oe=5E01E772;2
xx&oh=e9fdee6ba3ae2cde18870868f93a4288&oe=5D0CA4A4;1
xx&oh=ea235e5067e6805c6baf4e0091959782&oe=5E0CECF7;2
xx&oh=edda79813c5299c0da4f464abd3c3276&oe=5C7423E4;1
xx&oh=ee8370d3d5f089823a00cba56b4c434e&oe=5D0FC0AA;1
xx&oh=ef05a3b3f67d125e13efa527d778a6ce&oe=5DCA762C;2
xx&oh=f207e8e382593e9f3fbdae1c40a8180b&oe=5E790F82;1
xx&oh=f239a368c0c14dc033ef314eb6dc46e6&oe=5C49844B;1
xx&oh=f2d67ae4ac6f124bfdfcbaa39c6f7ba4&oe=5EB4DEFE;1
xx&oh=f3a30c33c055cbe208e458fbcef2dc24&oe=5DFB5B20;1
xx&oh=f755830673d271bf4333bd647824c0d6&oe=5E026882;1
xx&oh=f76eadafb1a8111abfe9174175635775&oe=5C96D136;2
xx&oh=f9420225cac74c6f7c49bf9dc3db4d0b&oe=5D4FCDF0;1
xx&oh=f9b6d8d2fa078ad0dc1927317d88f312&oe=5EC82982;1
xx&oh=fa25cc290e8b760ac1f6e6403992e600&oe=5CBF5674;2
xx&oh=fb394062eddc4ce4432f29ae2bed5c71&oe=5D4A6BDE;1
xx&oh=ff26fd2bbde05fa2fa9cc7c6432d4fdc&oe=5CD6A8B2;1
xyz;176
xz;109
y;20
yaml;2246
yarn-integrity;17
yarnrc;2
ycf;8
ycp;2
yes;2
yml;4283
yml@2019-02-16_135831;2
yotta_ignore;15
ytif;3
ytil;2
yy;4
yy-tst;1
z;24
z2s;3
zargo;32
zdt;8
zh;12
zh_CN_GB18030;8
zh_TW;12
zh_TW_MS950_HKSCS;12
zi;6
zip;24626
zipe;21
zrc;1
zres;14
zsh;3
zshrc;3
~;16
~1~;2
~RE;20
~ava;9
~tml;8
~tmp;2
